bank_statement_id,amount,time
afc8d769-026e-4d11-8251-d2f020a89260,1680405.9930671882,2026-08-27 19:45:52
2059ad46-a856-4b74-a7ce-46ceb695c2bf,8389438.304244636,2026-08-26 05:02:46
f978d269-a3a2-4f35-b9b5-13c7eb1efddc,6987747.334673423,2026-08-27 17:33:12
ad9f835f-3fc5-4786-870c-15e3b51ee0dd,6216503.385334366,2026-08-29 17:09:24
2edff02e-7531-4081-b4ef-fa296b1205aa,7526482.831097654,2026-08-19 07:51:53
77fa7bbc-cc68-453e-9a9f-d637fc7aa2dc,5898304.304479952,2026-08-27 05:29:21
6d820335-f3de-49dc-869c-558b496d036a,1322982.3349115099,2026-07-24 04:38:35
ec7ef0ab-e1a2-4ffa-b7ed-70cff111be9e,2678575.4984327084,2026-07-30 04:56:12
1641d960-dba0-4dec-a2b8-fdcc4e20c377,1185251.6413992052,2026-08-28 15:08:52
d862042e-500f-46b1-8544-a04968115a5c,4463888.030951961,2026-08-28 10:27:17
bade33a0-13a2-4a82-9458-771da27a2bda,527733.0769065695,2026-08-07 19:10:36
9347f486-2a44-4a88-97f8-5f5bf1e2cce7,5223831.825172877,2026-06-26 12:00:44
8ddd6a3e-492d-45a7-be50-150015a75ed9,4381848.854700338,2026-08-27 19:31:21
f6508852-02bc-42e0-9fd5-988eceefd2c9,9564918.086237622,2026-08-11 11:04:10
bb15894a-eeb4-4b07-8239-01c4ad5209e7,773970.6632811297,2026-04-03 05:48:01
af642572-83d7-4afc-bf70-29737acabb76,1590580.08,2026-08-15 06:13:18
1febc9af-b2a8-4456-884b-fa8ce3593ee9,94216.26,2026-08-06 06:52:36
e92fd9fd-30af-4613-9dc4-f583038ef7af,1822530.8657077472,2026-08-14 03:36:05
6ccb6ae1-b6d3-41ca-81dd-c628bef46f0c,4374180.206898264,2026-08-26 01:32:56
fe85544c-3e85-4c67-9855-e4a0bfea3d2a,8294741.073809878,2026-08-29 23:25:11
9b7cd539-0ad7-477c-9bf4-1cc6af1fbe16,5072538.918503194,2026-08-18 15:32:29
ee20a0b5-acad-4c07-ab24-ef63f6f32192,8046685.961636853,2026-08-24 19:49:09
133b385e-2cc0-4f87-b99e-1823e75f58ba,8955350.999039449,2026-07-03 07:10:03
5a71504b-8380-4397-a221-2e52d6e38103,8896507.591233073,2026-05-12 04:35:42
2ba4d656-610c-4ade-bed9-9a6b6c3786c2,8580548.93607442,2026-08-15 01:05:39
e9fedd48-5684-4457-9cfc-df01f8401eea,3814619.2132851463,2026-08-29 17:28:36
d9cc8656-8a03-4e43-94ec-05953ff09d13,256413.79,2026-08-27 07:41:06
4c96edc2-4a41-4ed8-9e2c-6d4bdb992f51,2170832.228577734,2026-08-26 23:12:50
00926d61-368b-4d68-83c6-b5324b25c483,1541162.50130364,2026-08-08 00:19:41
37abaaf8-64c4-4086-919f-a02ea194c7b1,886498.1407186307,2026-06-11 10:14:16
a499eb92-f589-4e14-aee0-6433edda1677,3147741.838888157,2026-08-05 07:23:53
ef775124-0911-4215-a4b7-0864d362dea7,613747.65,2026-08-26 18:49:34
7cff07e3-d92d-4519-9e24-c724e47a7b03,8910211.419370048,2026-05-16 06:47:25
75d9c07c-9d93-43ea-8182-144d5b120b1b,7976281.434318501,2026-08-10 05:03:15
0151ccb0-1b6f-4a9e-9a98-b7154c60b543,6376042.6713642,2026-07-17 19:43:36
66edef30-2fa8-4808-b8f1-6861e3e3e73b,9115667.732128378,2026-08-22 13:46:42
7df6bc1d-6e49-48ac-99f1-45cc0244e4d7,8848799.683197493,2026-04-11 22:07:23
e604bfbe-83aa-422f-8772-df4a15b1c4a6,8718825.028310763,2026-08-25 11:51:24
7cc70b17-e9c1-44ce-9fb4-26c06924e248,1112734.847481208,2026-05-30 14:34:16
4008d4da-a819-413d-84fa-84a427d764ce,659485.2790131243,2026-08-29 23:11:09
4c9df049-5fd2-4ec3-a536-3c77787fb578,4311241.890822144,2026-08-18 23:16:21
89534e15-2ea3-4b78-a466-c9376da7c95b,4953663.234113903,2026-07-29 01:17:59
a801f15e-7046-425d-bd47-4d951bd36f41,9335946.787535345,2026-08-11 20:18:20
bf415c98-5a8e-4f05-a3ce-cf1e296df91f,1137221.1931515764,2026-07-27 23:52:21
deda028b-e232-4dc9-9bf6-f06d017cc74e,6575620.74,2026-08-03 04:55:13
48ef30ff-3087-47b4-9c54-956f32ce93db,2217984.8715055045,2026-05-04 12:52:43
be71cd60-6bca-4f86-a500-f7932238dfc6,3453523.616067747,2026-07-12 04:40:37
aa8c662d-290a-4d67-8817-5dd0e6a7caf7,837532.520390009,2026-04-29 14:05:15
aa4d5bb8-f5ae-42e9-bab3-137cf2c8c25e,2156601.553671057,2026-08-16 06:49:52
209f839f-b6dd-4d11-ae86-4837ccc10250,6099406.252753512,2026-08-28 10:23:18
e1bb7399-c7c4-42a0-83af-3d93c0476d80,650101.9647637609,2026-07-10 02:07:26
bdecb67a-ec6e-4294-b9da-c7798079cdc9,6661347.397584914,2026-08-28 05:56:49
1c17729f-21a4-46a8-a38b-9370d35d1936,2904562.525171229,2026-08-29 15:49:08
2049a289-056a-4b28-8aef-3c9e1b9dff1b,1026919.6,2026-06-25 11:17:56
c4735700-037e-4f60-8000-0fac581848c5,7702752.7126011085,2026-08-22 17:46:54
d4701dd2-ada5-4eb9-8d52-7b893c8b966c,3767764.9068509927,2026-06-15 18:08:14
bcc8509b-98da-4e8c-b9f7-e0046dfe8745,4600581.082780421,2026-06-04 02:30:56
483fca72-4a1a-4c2e-baed-edf46f302743,449274.92844041425,2026-07-23 23:11:16
3f6c5de5-6dcf-4b58-82ca-55ed15263fef,627182.2,2026-08-15 00:24:10
dd3a0936-1d71-4339-8448-42af47f8b6f1,27711.518181998068,2026-08-24 13:35:49
aa94a1d4-3f52-4dae-b371-d64dfe87a17b,3216928.4195781867,2026-07-28 18:05:41
c86022c4-b4da-4f04-b951-0a4532cb28ba,2037515.873698915,2026-05-21 19:38:17
9c711439-8098-450d-baff-361ab37e3c41,9165882.085105788,2026-08-12 02:48:39
9758a25f-dad8-42da-be17-ddb3304c9c7b,2888632.4957894483,2026-08-29 20:34:36
1ed68b71-3ab8-4c3f-a612-e9e5a26d18f6,3468779.521423195,2026-07-26 15:44:51
fd8ac696-461b-4bc3-89d2-61e066ba7e51,1765136.0,2026-08-15 18:50:32
615eca80-0d0b-4920-9d46-0c9117478b5c,3826736.699464774,2026-07-05 17:20:28
a2209a31-b33d-4c7c-8e73-3dcc866482ee,7752041.397495275,2026-08-28 16:12:15
7aac8a0a-6d13-4ea8-960f-c07138c6430f,3208920.92,2026-07-03 01:19:23
0d394b57-a4d4-4f15-ad54-a50182866d40,1746923.7823532752,2026-08-03 04:00:15
47d28391-5d13-439c-84ed-4fd51c2c8fb1,9184212.899375793,2026-08-28 19:03:29
3f39562d-6b06-492f-b62a-794159dcbe0f,8658825.478668777,2026-08-20 18:02:59
0a77b5cc-2e87-4651-8c2c-a7fae525aeaf,8306375.853802823,2026-08-23 11:41:10
5256f928-bea8-4e9f-a911-fd6d0d586ee2,7841899.093921106,2026-07-30 06:32:34
e892464d-47b8-45fa-b8d8-cdd6490a886c,8615369.379263224,2026-08-22 15:53:15
40944f95-2f51-4ca6-ae4f-f4a419cb84c8,4461826.87,2026-08-15 01:30:46
1c8d23b4-4dea-4200-9593-83cf5d13a906,2524547.8579772105,2026-04-19 15:22:30
8d40aeb2-aed6-40cc-837f-5347ab402561,3394842.237730709,2026-07-10 04:23:46
cf5e7840-bdc5-41bb-9c4e-3b0054ca4adc,9388473.805182628,2026-07-18 14:22:32
87638104-96c2-4045-875f-fb36be30cae9,6903563.929217058,2026-08-28 14:09:41
46a47588-a676-4ce1-bcfe-18e95f20ac06,3628333.3761047767,2026-06-25 00:18:19
e31f2212-1654-483f-a251-0f01959677e9,6580152.523963696,2026-04-26 01:17:18
9a11ddf4-be1a-45c9-a12a-c11c21677dca,6477101.074995171,2026-08-25 18:09:41
e9846baa-f7e4-4c8c-9628-e4290a81870a,7654480.030229518,2026-08-15 03:10:43
b46499f4-3163-4274-b0c0-41a9d141b9e4,6291091.224955338,2026-08-19 06:59:00
f11afc00-132b-4f36-9940-4d24eced9c30,321241.7567053211,2026-08-26 14:02:33
b9b094ac-4d2d-4efd-97c8-294c9e7776ae,660198.8049499705,2026-08-10 02:07:48
88973a4a-33b6-46dc-82d0-1c42fd595978,2062922.6660474846,2026-08-27 08:07:07
e0880267-e43f-45c8-80a5-82f7b62b9f62,2716577.6566425688,2026-07-26 04:48:19
a13ecf15-72cf-4b0e-9db2-f6cee5190530,6185590.6555258725,2026-07-04 09:26:53
7b9a21c4-1155-481f-afa5-f03fe92d6961,3952431.6767780855,2026-07-08 04:36:29
80fd963d-f3d3-4295-ae6b-cb89861550f6,9299357.672804218,2026-07-11 01:44:02
b25b56dc-462e-4af3-9962-22632abc42b1,5556482.908910212,2026-07-29 22:21:03
90f0d47c-f4af-4005-8ba2-4c4f4a26eb59,7503237.877500636,2026-07-02 10:37:26
30b05a0b-b19d-4860-b8f4-0e49cb5d2aff,8936660.08,2026-08-29 19:21:47
1332406f-f8b6-4dee-8373-edf3dec91438,6208119.373962666,2026-07-21 23:41:44
6257ae9c-8260-4132-802f-b24f70100d7e,4244550.203463632,2026-08-21 08:24:06
9b72a9fe-669e-498d-a3e7-3896c784ef4b,8534645.687747438,2026-08-17 17:07:50
28f5f5c2-00eb-4725-af1e-f8dc34f902b7,7805256.75937674,2026-08-26 21:48:16
0244bc44-b25c-4b50-9794-b38937c23f27,4032065.966164937,2026-08-28 14:25:06
b52f5e0d-80fa-4363-b497-c7d9834693d1,9061323.08,2026-08-04 03:25:18
da3bce8e-4dac-49f6-8242-fc5c866b329a,3169407.64926699,2026-08-18 21:33:19
8d59c34d-44bd-404f-b550-2e2b4bde7d88,3524741.64,2026-08-16 10:03:12
8897c497-0bad-4234-b953-70c02bcdce43,1640148.8843316326,2026-06-24 17:16:56
25ec77e4-a3bd-44d6-8a01-d8b64ab63e0f,2091294.5233705589,2026-08-28 16:13:47
220a69d3-ed60-4f49-871b-0cc7e233c597,8070729.97,2026-06-14 14:12:32
a4752fa7-0d30-49bf-8a66-28a8df96048a,3051135.9794789306,2026-08-11 13:34:12
88db3692-35c0-4003-92cb-03ebfd523fad,8017060.2251297,2026-06-08 01:54:48
a1f78157-58f3-4359-a60d-a1aa005bbf73,4957798.973956228,2026-08-26 18:52:16
154f9eb4-5316-4cb5-9e7e-00e5f8e351ea,3725946.197175324,2026-08-17 12:23:47
e5f95507-6889-48ad-a234-5eacb8da3559,7030694.734864539,2026-08-29 00:58:46
0ea8d0ee-fc3a-456a-931b-49d84b7e42df,2556594.08,2026-05-20 20:07:51
bb0084fa-3822-451b-9b00-f1a0d2ed3196,1295950.69,2026-05-31 09:37:34
0400e249-f8bb-4616-8188-60b92d3e854b,4711557.379183623,2026-08-20 15:00:35
c737327a-de34-406a-ba90-2bfba845f723,9689343.120798843,2026-08-29 13:04:39
beeac4d3-b8fc-4513-9b3f-d4b095509b75,2325272.2,2026-08-19 11:45:12
41e15f65-a761-4e80-b216-880d61c9815e,1185577.66,2026-08-26 21:17:18
8d0653e2-9ab6-4311-a261-d918a05095fa,8312477.571037156,2026-08-21 19:54:03
cec79642-a13a-4da2-94e7-eb2a343402ef,9549987.401725357,2026-08-29 23:35:50
7230b85b-27d8-4ea0-a53d-171fc0bde748,655692.5974100125,2026-07-02 10:20:27
7ef74fdb-17fc-4335-baa0-3208e6f47dcf,5443031.56,2026-06-19 09:25:18
dcc31cb2-d0cb-479f-af5d-ff13759a9725,4757407.276631744,2026-06-30 01:52:17
f17fb786-7d92-4cc0-91d5-1b0630591fbc,5363124.250365896,2026-06-01 05:12:49
4f66a914-0563-4b30-8834-0d51a5c6c5ae,8852332.536686867,2026-07-23 13:12:00
64ea1dd3-d147-40bf-ad7f-fe23e29ff19c,7201607.918061909,2026-06-23 10:41:19
6d283989-1271-4873-a4bd-e1a811c7bec9,8036871.870135119,2026-06-15 04:13:00
f86b2e95-a526-40b3-a8bc-d007747c7690,5110722.14335608,2026-08-19 16:06:36
232585b4-86da-4596-b96c-2da019a8ec19,1881900.2711401323,2026-08-04 23:55:34
624d3473-60bc-4cbc-9987-e6d09a7171aa,4773179.851542557,2026-07-26 13:06:32
c3712e42-0378-45da-9399-956c1c2b498f,1867399.41,2026-08-29 11:12:59
3f936724-21d6-4c73-8b32-8c23ef470a44,2261455.6672147107,2026-08-29 14:25:44
f047fbeb-2483-4458-8485-229515668483,8352276.428616058,2026-08-29 03:30:44
f5266edf-0267-4983-b763-6b4dcadac122,8042332.237846364,2026-08-12 23:45:27
d1792ee0-bc73-4d47-8ad8-c5681b390777,3115855.05,2026-08-11 10:25:04
33cb59ef-15c0-4765-b51b-d20fda4bdf2d,4686623.27,2026-06-14 17:25:36
e473b0b0-9017-44a8-8279-d9137afd2923,6277919.065450191,2026-08-03 09:58:55
54edfb70-4eb0-4866-a9c3-d598d0c24f21,612254.099635855,2026-08-09 13:15:14
8b248c7e-0e4d-4b72-be6a-41f1278e2f60,7233573.859961267,2026-08-13 05:48:58
1f81e097-8b2a-4730-a0a2-e9bd447809c0,2526023.96,2026-04-30 12:48:39
8b6daa25-1a52-4aa2-8b66-0bcdd32e4757,1328581.301371137,2026-07-20 09:49:01
d623c671-e2ee-464b-82f4-71961a41c57f,8053509.152714629,2026-08-23 02:03:28
396c8f79-e983-462e-804f-5362244f4ce3,3702468.378919309,2026-03-25 03:34:28
ebf3ef99-39d3-4f2b-896e-c0c9a7c5f960,4829559.228891618,2026-08-19 22:08:26
e25c7f9c-afcf-4a4d-a27e-91e1af35fbc0,2959383.855842434,2026-08-05 08:00:21
7de7f41a-1cc6-408a-a6d0-37c6d2a20765,8245778.757733637,2026-08-20 15:24:24
1a0b6310-397a-4dc8-9c31-d9b9fda2f9a0,155386.7104295112,2026-08-06 10:01:07
556efce4-9d9e-4da2-9387-bcda5b7887ed,5700458.36,2026-08-23 14:41:30
eb7cd628-ecb9-48f7-ac5e-ac705c494d63,4958442.26834291,2026-07-31 16:51:59
26aeaf29-9ac0-4e26-8b18-c73ce545281b,1483601.24,2026-08-21 03:05:02
99802368-55b8-4720-87cd-94446dba9754,6544875.525849253,2026-06-22 23:49:05
e4a35a10-2674-41ff-acdc-d3beadef5777,8238540.184183913,2026-08-27 06:27:50
d14bc771-9ff0-487a-8d33-4878afe9c3dc,3117733.006642378,2026-06-22 07:25:10
45665e79-1a9a-4b54-a01a-5b5e592fcdc6,1606384.311022405,2026-08-21 19:24:49
43f15176-eed1-4809-9e7e-2813a9673fe1,1469691.5614518435,2026-08-27 09:38:27
008ec990-c9f2-49a8-938c-f37acc76864a,5971168.982848209,2026-08-02 14:07:38
51fc4c23-2586-4cd1-a7e6-0e4ec71cdac2,7991777.927383978,2026-06-20 12:39:15
cbfe68f0-b8a9-4704-b25a-a10d63fe557c,2326663.745916899,2026-08-15 06:02:34
93ed82c5-1cf8-4164-913b-776ed08ce31e,9131561.321211483,2026-08-26 19:16:16
2508f357-474a-4674-ba09-8484f5a7620d,6095516.32009011,2026-06-29 11:52:12
2e8f2f7f-20a6-4edf-bea9-5b7352b3a0d1,3873280.2034351015,2026-08-26 16:55:08
6c80423a-7e84-40d7-91be-adc15a449143,3607306.8683781805,2026-07-13 08:00:47
9a0bd63d-69f8-41b0-b90c-9f84b184071c,1915575.512950282,2026-08-23 18:11:56
cd591b8c-2362-4835-955d-f8c6a2f87dea,3862667.140520999,2026-08-27 15:06:49
6b2d470a-6218-4d10-bef3-d5beebee4c80,8830087.52746592,2026-08-10 07:08:06
7e1b2034-88a5-416f-89eb-56c17f421889,7995201.869460112,2026-08-29 21:15:41
6276ee87-3ae8-48f8-9247-8bb2894539ec,7336027.3616482,2026-08-08 20:46:45
86e5edf4-6bfd-4189-b705-10f894ba0d7c,9025576.145589802,2026-08-25 10:09:56
bf8f81ea-cfb0-468d-b189-25a6c6cec51b,7486843.054069776,2026-08-14 15:51:29
5c98fd57-3c35-4ce2-9656-07c0b3fdec76,5492009.809960123,2026-04-08 15:10:10
04643f52-d9c0-49f6-be70-9416340a22d7,9118243.680875884,2026-06-21 05:52:54
2233212a-f526-4ea2-b953-3cb78ef1a114,9753086.8,2026-03-18 21:28:22
5c613985-596e-471c-a94f-03ec0f4076a2,2858882.511036247,2026-08-22 09:27:51
75dc037d-4b71-481f-a3ac-64e5d1aaab53,3873306.39,2026-08-23 12:46:44
f8c92b4a-8d2f-4114-9a72-ab37d5d318cf,8720624.165611327,2026-08-05 12:44:38
397e8bfb-d3ec-4149-b5f2-e2543e144f6a,1796602.7043676933,2026-08-06 12:08:44
f64909e8-1e03-4a65-a346-f26dbf3b1681,8601656.072059574,2026-08-10 00:06:58
b2351615-06be-4b4a-bbab-3b0e60a1451d,6554529.219231027,2026-08-21 08:32:14
1b2375d0-b38f-40f2-8dd8-67e55f26b2a6,1335153.6904168816,2026-08-23 23:41:19
d66248bf-7a11-4e56-92e2-9c2a94e4339d,2268226.72,2026-08-22 15:45:53
259a5d6c-07ba-408b-a87e-09f1ded7945e,7080623.552950843,2026-06-16 16:11:51
13ba8d24-3ebb-427c-9438-e799242ac30f,9079334.10914657,2026-05-15 14:36:34
6a9f687a-d04f-4197-94c0-df2891b5fcb4,6585429.012571944,2026-07-09 03:49:51
be59d035-7842-4071-aeb3-5f6ac3f26a39,2522462.9232207593,2026-07-24 09:57:59
f2e2503a-b2d5-45d1-8706-f724bf83f2d4,6074021.267980895,2026-05-24 11:13:02
0361b157-b1fb-4587-a514-b3fcc809a0b4,839630.5477171564,2026-07-02 05:56:13
e19383a9-0f5c-465a-a7e8-3b871c7bf8eb,7919866.460714333,2026-07-05 18:42:59
80d7f805-2c6f-4084-804a-3f689aab1efb,4622144.308556751,2026-08-28 12:22:23
6c726915-d52a-45c8-a579-dc2202c837b6,9060470.452836402,2026-08-26 08:39:55
8ddd2994-744c-46ae-a03f-ff2cf2bffc3f,4462219.591879334,2026-08-21 09:42:26
4e583dde-807a-4658-9272-dc48eb4d6df5,6526502.767424463,2026-08-17 14:43:02
2824162d-ee73-45d8-ac75-a7653a314e67,3506375.1318709888,2026-08-05 04:38:06
60a7ca57-8581-47a1-9789-26f3f91e8b9b,9265785.878267506,2026-08-26 21:18:59
9e79a6fe-6680-45e3-b63c-bc32be3e1402,1350480.1331338843,2026-08-23 09:34:13
d28faf65-2f06-4e12-a46d-2e33380a402d,3545362.4824830154,2026-08-29 00:56:17
d109ffe5-13c3-4c1b-977a-80b89ae6befe,8047806.316205772,2026-08-25 14:47:27
a7175804-502d-4281-ba37-f3d677eb6d89,126652.73052375698,2026-08-14 06:32:47
2a31edfd-6166-4c7c-93c6-e5a067b4a019,5443483.365362851,2026-08-18 17:17:01
6c99ce56-a58a-4bb5-9f19-30e0cda7a451,3792759.25289207,2026-08-12 14:33:08
13eb4358-1ab9-4662-9bc0-2912451972c4,688640.8133231455,2026-08-24 14:23:05
8aa431e9-29aa-4a7e-883e-b6a13d51d528,5308784.305002076,2026-04-10 08:23:27
a36d7567-33a4-4f40-8d3b-a57f300ffa68,6517299.950299521,2026-05-13 00:10:14
fa069889-15c5-4392-84e8-31e13d869ad2,1857300.3074258927,2026-08-27 09:06:57
fc8ade6a-9051-485e-8b7c-e5c690968629,2403725.81631207,2026-08-26 20:59:27
50885581-0c4c-4edf-8bb1-b9847bdac670,1237533.3624807512,2026-05-15 07:42:16
65ec4424-f56f-4bb1-884b-824bc06e1029,5351530.708077822,2026-08-19 13:12:39
6401118d-c078-4c3e-9081-440731e3e608,4534840.12051432,2026-08-29 14:56:33
b3e1511b-2128-44c5-b94e-485d5b182716,926429.336945107,2026-08-16 14:28:41
c66a5821-ceb7-42d6-808e-adf219db533e,673910.0579896589,2026-07-11 09:35:47
61d21319-cbcb-4293-9651-224006103d84,8201608.648785291,2026-08-15 23:49:21
099396ff-da1e-42b2-9e6a-7c6e961b9221,1399052.2508583115,2026-08-15 16:43:23
768e212d-aeb0-4fb9-a6cb-2e992945e93a,8601770.08301499,2026-08-10 05:40:18
f3ebe658-17e1-48f6-a03e-7003e29cb897,5563007.01504833,2026-08-29 20:10:11
ceb6bfdc-3734-478d-a268-2c9f3b482d28,9107820.64451329,2026-07-19 01:54:12
fe508d4d-293a-40be-b7f3-30adc4d1c310,2489682.8511030846,2026-08-26 15:41:19
ba8d6f8c-fe05-4cef-842c-49fa806a29ad,6383852.147461952,2026-08-13 02:01:09
c4c557d8-ee23-4eb0-85f6-2467a6c1d136,5446992.903252775,2026-07-14 03:28:46
56ca0fb3-2196-4a11-890c-d1d3728e1002,8710287.779595915,2026-05-09 11:34:25
f0ad16f7-db1f-44d4-9f9b-c7bd5c3db15c,2958084.2904379233,2026-08-08 00:44:45
c6305536-b677-4a11-a403-999b0a3e4918,2538457.3360915612,2026-08-29 08:33:11
ff3c03a6-3575-44ee-bd36-5abf633bffff,8703851.940075178,2026-03-15 13:24:15
a0b6d265-9120-4a37-a703-c75df540838e,2555856.4003283014,2026-08-20 05:35:00
2482e8d1-03d3-4907-8e02-8d6018ef9a28,7138774.767528519,2026-07-18 18:28:32
cc214b4e-f80c-4b1a-9e16-afca8c111ba4,4708964.230989172,2026-08-28 18:23:20
4bacfa4a-ef1e-4acf-ab72-9d66504fde7c,6263333.6919715125,2026-08-13 06:56:20
5d0314d8-9396-4405-87b5-c4cd11730df2,2279264.077387721,2026-07-27 01:26:49
b5ed7ce8-2ddf-4675-9235-d52e16d7ba54,8467937.774777085,2026-08-28 22:48:05
7927a136-fc73-4358-8208-9fc875f321cb,605385.34,2026-08-16 20:00:42
a6798ab0-7129-42f6-a06c-a678c35d8f64,434621.49806414003,2026-07-30 01:24:12
919883f9-f8c0-4007-9fbc-4004f098aa1f,6201404.192712519,2026-07-13 15:22:23
496042b0-dbe7-4333-9d0c-82050a22be56,2390709.061372154,2026-06-09 23:34:06
eac9b1cc-9ea3-43ea-9b64-6a3368b666d6,7754096.350008497,2026-08-25 09:54:00
8331d711-5de2-4a7d-b0da-152821051c60,2463589.8507635407,2026-08-20 11:42:46
69c718ee-aea4-47d6-955f-a2f45fa9b21a,3893521.5698775905,2026-08-06 21:52:11
0e9b65bb-a4d4-4431-ba38-f5a09ee08a70,9490206.16,2026-07-07 19:22:07
02088c91-8f90-4d9d-923c-7585b32281f3,9334447.031100694,2026-07-20 15:06:19
6035d9af-4a68-4bad-9af4-cf72da622059,8724758.727683155,2026-08-25 18:48:12
12aebb0e-da94-4cdf-a637-3dc791f448bb,7736396.174704318,2026-04-28 21:39:30
ab4d738c-7657-437c-9fc8-e06063629509,1099501.9069294054,2026-06-07 17:21:32
a479dce2-77ee-400f-b743-c1045953ff90,5411819.158518284,2026-08-20 16:00:19
1bef39f1-7700-4b2e-917b-6fc6e66eb0e2,7705715.644641698,2026-07-18 06:37:22
eadeae69-1bbc-4748-bb55-cfa32e266519,7569078.480219612,2026-06-26 06:04:15
66ca0baf-3310-480a-aee0-95d5c4a9d8ac,5122605.181967543,2026-08-20 08:26:09
ff169376-57a9-41b3-9139-94a1108134dc,3114286.876301844,2026-08-26 08:41:07
79e984e1-bdc4-4680-b3c9-5502366f4268,1015339.67,2026-06-21 13:26:41
8b8a7166-09cc-4f05-b45f-44334743968f,5531191.458674474,2026-08-26 03:26:41
a3e53892-2540-447b-b84f-cb14f2d31a65,1361897.6917096165,2026-08-26 11:10:32
fce12a25-0804-4cea-9175-fc6351f7c017,5318140.64,2026-07-31 11:33:30
5c8aca1b-cefc-4e85-afbb-d2160ff97696,6958350.785965746,2026-08-11 22:50:22
0dd8063b-36a2-4f69-b931-5fc6fa82f65d,5772594.876773723,2026-08-29 02:30:32
c234af07-f3e0-4b1f-85df-9333de36992f,1230999.1539610184,2026-08-29 03:28:02
a2bc6715-4087-4e6a-8514-c4166c44821e,2324199.121409817,2026-08-28 01:23:53
461ea8aa-11ba-4616-a448-ef4315663d1a,6004134.669537998,2026-08-10 13:11:03
b6532dba-dfaf-46cf-8c5f-ccfb14eae37c,6160549.607016152,2026-08-01 23:52:42
36cf9429-8657-48ff-ab72-e451df0ccde7,5135580.105260851,2026-08-13 10:00:16
17aa3aee-0dc2-4df3-949e-dd912f1fc132,6388779.39002083,2026-08-25 05:10:36
4c01f701-c0d0-4553-b69f-239b578e911f,4679713.5793837365,2026-08-11 16:02:30
6b4a3541-f123-467e-996a-2b3632d7cc22,5439618.76,2026-07-03 21:28:42
c8aae0c8-b057-41fd-8916-f0b779ba547e,1075684.7205024348,2026-08-21 10:59:54
5acd1e90-6fd1-434e-b25a-4809f730e52e,2884821.463428853,2026-08-24 18:04:54
d2b12838-639e-4bbc-9200-4957b161fd16,8187695.807023191,2026-02-05 07:08:10
98dd6c3c-e4ce-4832-8877-6e4b8f97b21d,2131347.240201056,2026-08-28 17:08:09
9417e0f5-aaff-46ff-b904-6b5213eb4599,7906627.419507446,2026-08-27 22:03:15
fc829c09-aa00-4756-92e0-234e2505a2b6,5201322.495393409,2026-08-25 02:41:50
d34298be-be2a-45c6-bbfe-cb11f06046a1,9024103.67174673,2026-08-28 23:19:42
756aae2d-e581-48d1-a687-944303a1beac,916600.5507976696,2026-06-03 04:00:04
7357d500-fcfd-448c-80f0-f7feb8e7bcf5,2773313.9251461276,2026-08-22 07:20:30
f82e5e1b-a390-4655-b307-33d5a261078d,5505120.319496612,2026-08-29 09:10:31
faa1d736-bee6-406e-b7f7-a96a09572517,9416110.183106763,2026-05-26 19:12:59
c63e0e47-8bcc-4e8d-b24a-4a6d6b90a95b,8256720.6101747155,2026-08-25 18:12:11
591c228f-3754-45ec-a0a7-8c2099d76c9c,6687263.496420736,2026-07-20 11:39:56
adfc1dc4-f8c4-4f7a-b0ef-cbd3f3cef8b7,7671017.2840143135,2026-08-29 06:14:15
d053d7f4-5ec9-4fdc-83ad-d1a4f481b9cb,4302008.58,2026-08-04 12:06:53
4e954929-e58b-4d2d-8d4c-3b8004251c71,7627162.343104448,2026-08-02 05:59:37
b30672dc-1fef-4fb0-9e25-65fed1ad5c22,6298400.676964808,2026-08-29 17:42:02
69ff6cc0-74bc-405c-bfc1-9ef6a61f135f,9544292.744320778,2026-07-31 06:03:12
8adf1e46-d403-4d02-9a2a-83bd5a0ae917,5047956.357043466,2026-08-24 08:34:52
55f8bbb8-c3dc-4b92-b95c-a96d85ee751c,3533612.4752561995,2026-08-25 23:04:31
6daa8c7e-7575-4602-ad02-223fed2532e5,7748662.508093409,2026-08-20 20:11:33
29a3e5f6-984a-4463-8d81-42152d490058,6074185.79135251,2026-08-22 02:11:04
d857ec60-48f7-4726-a1ae-22556f959489,9174766.907010647,2026-08-29 03:23:39
a254da12-6fff-45cc-ae26-f348b044db1b,1938152.88,2026-07-30 15:05:17
ecd5afa3-f01a-4097-9ed0-fe5fb3bc5791,5961636.7772910325,2026-06-12 23:11:12
d655005d-ce52-4176-966e-46aefed01fca,2251019.7091453634,2026-07-10 00:55:11
9dc33d41-0434-46c3-a64d-cc1d16f28319,2282548.6232417882,2026-08-19 21:50:57
c0712a38-bffc-4f09-bf14-64b31a8a76f3,4911637.916611477,2026-08-28 09:29:48
a22eb45b-1986-433d-8b73-aba7ed5edfa2,4964467.159247777,2026-08-20 20:14:52
085acd62-ce4d-49f3-94cb-b94e80dc4cf9,9670015.700190976,2026-08-16 21:49:41
363d2fb5-6baf-4e8f-9a09-5b0c4a372da3,7833599.896825022,2026-08-11 09:32:03
618e72a7-8d34-4d83-b462-9fb5c6e19fd7,837498.5831082091,2026-08-20 13:21:55
f35757c5-7836-4477-9b39-455032103c49,6213197.511055358,2026-07-19 14:27:59
e9fdd358-cb33-478a-b7b5-b05b59c1d16c,3113731.2021626164,2026-08-07 23:15:10
a51581ba-d206-499a-a872-443469b6175e,8183589.040798719,2026-08-29 18:35:47
01f268f5-6553-45aa-bdbc-34f8c8ddd9bb,2283749.037950635,2026-08-09 07:24:51
489a4ca4-81ef-4162-b953-e8bbc83e0032,5184995.933161115,2026-07-01 08:10:59
4eb18c88-43b6-4613-a89f-5f9de12def58,4381799.938616283,2026-08-29 20:04:30
6a2adcad-e8ca-4b2e-8b8e-2d61e71594ff,4865316.674931018,2026-08-18 07:12:47
e8b81813-e672-4bf5-8110-783e3dd6831b,9143118.696803996,2026-07-31 23:33:20
27439b53-06b8-4c8a-83f9-c74d085d5d01,6499176.75196109,2026-08-01 05:55:46
d1edc618-84da-4679-9113-b5ffd73cad84,1296185.2308341328,2026-08-18 12:48:45
f58b8c61-2ba0-49ec-95c8-74415145c6f8,8917559.110538753,2026-08-06 03:19:11
64305373-f936-4968-8e44-f2f83de8a4cd,9563837.217742752,2026-06-26 01:34:31
d41bd8bf-64b0-48a7-a4f9-a67f9dc3bbee,856628.8177828828,2026-07-07 11:22:41
6dd9a879-93ee-46ee-ae93-a4d0cd24120c,84373.17294993965,2026-08-10 00:37:21
fa33fa98-63f2-4557-a2e2-d1caf07bf9bb,7771701.584220693,2026-08-23 11:30:59
5170a2ef-e777-4664-a732-ceca2c78bc22,965169.3189032923,2026-08-06 14:31:55
197df05f-3b20-4154-aff9-8cf7288fc36a,619202.0887662994,2026-08-06 01:24:03
93b1ee1d-a1a6-4f32-9e4d-acd68116fd6c,6495750.9144623205,2026-08-25 03:58:09
a097efe3-c31d-4215-97d0-dc99645ae8ee,618125.9640214898,2026-07-31 18:09:51
f2de05fd-28b7-4541-8d8b-3728d65bc676,5553440.82,2026-08-29 12:39:24
06905ba5-17e0-4df5-97df-85b33429c8cf,4458237.518997227,2026-06-10 20:38:45
97e1bc36-c520-450f-a0ff-349802f4298f,3038687.6802598024,2026-06-02 16:06:18
8b2e1eb3-b523-41f3-9e3b-c735071f1a27,2867140.5341545558,2026-08-29 20:48:09
61e548ca-9261-44b7-942a-6f47f8ef32ee,1432910.457216765,2026-08-02 06:08:01
fbc1085b-216b-4833-bbf2-82a9be09f835,4054399.557977636,2026-08-05 01:52:01
5badd755-c710-4f3d-a1aa-19f0a26c2d5a,5004193.8,2026-08-20 16:06:51
38c4f346-e5dd-414c-a70b-ba9c3d5e69df,1013679.2777802459,2026-08-17 11:04:18
3ec8fe58-d728-4d30-8911-1a42319ec58b,5075588.761315197,2026-07-23 18:52:37
153d1653-4664-4858-8d3f-69eda8c51cca,8971997.699670706,2026-08-06 07:12:12
fc1bb61a-a36d-4d54-85ec-8e9fa09fc700,9804130.930213416,2026-06-04 07:27:24
988c89db-ed5c-4a4e-b589-64f51c66021e,1852244.5815118435,2026-04-22 21:08:15
4312153d-484f-4f7c-a44f-52f41b696031,2688969.3635954205,2026-06-24 08:06:55
640b7b85-353d-4edc-969b-deb1e9a7f5e0,6896681.560674866,2026-07-24 14:34:30
69eb337c-059e-48d8-8ba2-0d387db4990d,360193.58985809574,2026-06-26 19:03:51
13893a70-a02c-4ed2-b58f-41b07c8c65ab,6990718.462224915,2026-08-21 10:56:46
e3c443f1-6010-4b93-ab7f-0864aff54774,7703935.12962946,2026-08-22 22:40:16
cefd1224-736c-467e-a886-818ea2307350,6845607.910482812,2026-08-20 11:01:27
e754d4c3-0298-4dd2-8c7b-34e22e07cb63,6204090.473497379,2026-07-04 06:52:46
9b4dbb90-a197-439c-913a-2b6ca8dfe59a,5701417.756365703,2026-05-03 08:08:13
fe65b782-57c2-4cfd-b9d5-9f7f1e014975,3668904.673963249,2026-06-24 15:06:14
999921ec-9d2f-4e76-beb2-d1727be19731,6904908.752285048,2026-08-19 03:47:21
bddfd7eb-8591-4036-a88c-22220148a245,3096652.841631206,2026-06-13 08:52:20
9b2a1376-315e-4e80-9f20-c257ed348e32,191209.46,2026-07-13 01:24:19
8301b3a6-849b-40bc-85e5-d46189344b06,806612.4631781551,2026-05-10 16:03:49
1d62c6b5-5d69-4934-9deb-78a4375fdd57,919134.1123634467,2026-05-01 05:46:24
384243b4-2378-4f44-93d9-a4dd078d27e5,5277714.819407385,2026-08-17 20:51:15
2067902b-f099-42b6-b10c-cf77ba4d6c8e,2333216.3611769294,2026-08-08 08:37:22
f406d6e0-3301-4b08-bb48-7db6460f01a5,2893274.262041047,2026-08-05 23:05:37
a6e486bf-8d2e-4a22-b544-f70c593acb51,6316911.68476135,2026-08-25 02:22:30
7eecdc53-cf1b-4490-bec5-104077902ddf,8856260.21352539,2026-08-19 11:47:03
ec1f0155-6662-4bd2-b243-b5c6833d7595,7577409.285811952,2026-06-17 07:22:27
afe2ff5c-32a8-47cc-ac47-133640061add,4008174.8,2026-08-12 04:41:14
9569f8cb-1a57-4cee-a490-3d65f63d3295,1516975.51,2026-08-29 05:04:24
f429c05d-34b1-4488-8b4a-1b4b2a683e18,650085.2743989577,2026-07-15 22:38:24
723764ba-e202-4022-aef7-ffc37ce28b5b,7900519.055943947,2026-07-01 09:03:54
d0de4fb6-458c-4c02-bf40-964098a91187,3119433.066869309,2026-08-04 23:00:48
620f4af4-9b77-4a46-9b88-fe699f7717ca,3379379.3604777995,2026-07-31 12:55:46
2ad0d57e-730c-49bc-9073-c0c3d1c06099,7797718.044418177,2026-07-29 23:03:34
963d101f-40c8-47a3-82e8-47aef545dfb3,3606527.6649226137,2026-08-26 03:10:13
e09397d5-d3a1-488a-9a98-04574b211512,4849655.0389214,2026-08-28 22:16:36
1d59b308-07aa-4515-a5f7-6d065a2d465b,9012949.821099203,2026-07-07 09:00:06
ca782f58-6dec-4b0d-929b-3b96cf1d46be,8026392.202104318,2026-08-18 17:43:31
37164f31-1298-4e9c-becd-2b8c5b952506,8000788.225116785,2026-08-05 13:32:46
c78e4415-2521-41f9-9f39-0d2b5f25210e,557669.4665527302,2026-06-12 07:13:42
b033ee83-518f-4ed4-8277-4ef31f4f4a0f,3838555.908532603,2026-02-16 08:01:19
3b8ede31-e614-45dd-9251-d645cb94cf8d,4532859.61870131,2026-08-27 22:07:21
9a0fb0b8-489a-4195-a2b6-159410f4c941,2958649.215891946,2026-04-26 08:55:52
8f9afd51-1a58-4a44-b7ab-aed786faaa83,4120710.2332212618,2026-08-22 18:26:52
e223e389-f23e-41fc-9b9f-9efeb75d2f0c,9247927.766468065,2026-08-18 03:35:01
6bf7d125-a571-4542-a485-a11892ee4820,523034.56,2026-08-29 18:44:58
32b9fc56-51f3-4a1f-903a-9ed2515a3eea,2828809.48311606,2026-04-11 02:41:09
7fa79708-7e72-49ce-8d7f-65f60cb68029,1570848.9530242716,2026-08-19 11:22:52
1e87c27e-6bd6-4443-8640-1757fd81a925,9337450.23102882,2026-08-29 01:09:07
53ae1065-99f7-4c76-abcf-d03f73e9b99b,8965575.822153233,2026-08-29 05:36:04
0571dd83-938f-4b37-bc86-25826202f35d,3431942.647982623,2026-08-23 04:58:05
db29920a-c886-47c6-a4c7-55b00490eb68,4928610.987578678,2026-08-04 23:24:37
218d0520-48cc-42c6-b636-ae1ce96171f3,8807884.746770134,2026-08-15 17:16:41
e5551570-0979-4e75-a71e-9bb8f783b6f6,963619.13,2026-08-24 15:02:07
565f2ea8-0a03-48cd-870b-230ceb044ecb,1239601.6850372278,2026-08-24 07:04:21
1859c5ae-784a-4e43-91c7-beb2042a6bd7,5353536.4771842025,2026-08-29 00:52:02
46510173-4d0e-491d-b927-27146a429bd5,9129811.644859726,2026-08-08 20:19:50
146b9fbc-667c-4788-9887-f3d2c0f1fa3a,2425895.35,2026-08-22 23:21:02
9cc10bd8-7e6a-455c-902c-36f1c64d10e3,2562441.525752166,2026-06-17 05:06:27
fbe5403b-b24b-407b-8c66-d04f64b11c49,5943388.642260863,2026-08-05 04:32:47
f7974ec8-a41e-4111-9942-96b67e4b4f10,8437448.708251327,2026-08-21 04:49:54
9e33bdbc-f00d-4a65-9fb8-4f18d7d3ce21,5325478.841533343,2026-08-03 15:35:24
d3511e95-0c3e-4d5c-b959-0149077f6e36,9170679.596502561,2026-08-17 15:17:59
52a6e3d4-fe58-4970-9aea-2c2c23841977,4954648.621093816,2026-08-12 05:45:59
30efd76b-1688-4399-ab91-aace39f18027,7970979.688687608,2026-08-11 22:53:57
d0ef0cd4-5e6e-4398-8ff1-b675e6fb976b,3233934.2827377077,2026-08-20 13:11:48
b0309415-ef21-4b2c-8143-d636fd54225b,6249452.859563519,2026-05-24 09:08:43
0b070a68-c8f2-47a3-a221-3776427ae472,9692808.985767586,2026-07-09 18:58:11
1335f6c3-4de5-44af-b278-15f60c49f33a,2902989.23,2026-08-27 18:47:30
caa81f13-9cdd-49a7-b01b-a134544ee743,9532254.375106353,2026-08-20 11:09:55
2b9b4ffc-b2db-42c5-8518-f4c6612a9cc6,9349188.79,2026-06-22 21:22:57
95899035-c0c6-43ff-a5e3-6ccddca524f2,6708729.852075119,2026-08-28 00:08:36
69cda159-e53d-4c49-b741-0b94d9a3ac28,6980332.37,2026-08-23 03:31:52
85924e5f-1f53-4b6e-ab11-77367260282f,8275438.639523724,2026-08-15 02:20:07
a948ec66-7a59-497d-93f0-40c73d92f1cb,8782397.0327615,2026-08-28 18:06:39
c5cbfedd-5268-4879-87d1-931cf9f209ab,5816363.9612652045,2026-08-05 06:39:41
43892f66-1780-49e9-b9d0-07627b92a41d,6607316.17947425,2026-08-27 05:05:36
8efadaa1-5a5e-47eb-9532-0177b61d170a,8447935.800116617,2026-08-15 18:24:03
db19de67-bc3a-4abb-a5aa-9765a8d3bb7d,7687436.6118471185,2026-08-29 14:01:37
f8c59ac6-133c-49cf-93f8-e789b1e93b1a,4882703.162731478,2026-07-31 10:00:20
aba5d1c9-035c-4d03-b664-cafa0f6da751,5730021.16160134,2026-06-25 10:16:24
301b5b4e-6293-4e8e-9189-f75077d8b428,1593638.58834767,2026-08-28 19:06:28
d06200e3-356a-4651-9727-bd831ac2c99a,1908699.435970517,2026-07-24 06:56:34
b56110f6-4fd3-4a88-b1c2-fa18c2af56a6,4017348.672784105,2026-08-19 06:21:09
8127a8f7-d909-40c9-a76c-7935a7c10adb,3802006.512909367,2026-07-20 22:44:40
eaacabb4-3802-485f-a14b-a540ea041d0b,3264584.5540983607,2026-08-25 01:36:20
de2bfe58-73d2-439e-b99d-d6d562b51781,1024539.8155840278,2026-08-29 17:12:10
6673d42d-c7af-45de-b3f9-2a8783726123,7523766.625594777,2026-08-19 18:03:34
2a08c526-6c4f-433d-8720-6b6c11925880,6423274.054450467,2026-08-29 19:38:42
93c6267d-dead-44fc-b395-26574ea12bd9,2827615.8537691697,2026-07-15 09:07:34
1b6fb706-e04e-4585-b601-16cf25b4c7aa,3962126.1666619997,2026-08-11 09:28:44
e4e39c20-043f-4b5f-bd95-80611c36036f,2255136.38,2026-08-25 12:15:12
79eae461-0751-4daa-844a-2a482fe12ed8,2832581.577344103,2026-08-27 01:50:20
1e4aa016-43fc-47b7-9a19-d7ab73e0467e,888542.52,2026-08-22 13:41:25
3649f585-6e75-4e7a-9abb-b78f1585665d,9247462.281318674,2026-08-03 23:58:33
82077e01-6e4c-4501-808f-8cb9659d12db,7345944.763613681,2026-08-12 22:55:33
5ea9f259-45c8-4249-b0fb-b28e0d9bb3b5,532546.8878247179,2026-08-27 11:38:58
bb647511-61ec-4f07-a60c-13290c941263,8140803.66618611,2026-08-29 11:57:30
6716d461-307f-4576-8b43-f87331a580d7,6087197.898099294,2026-08-22 13:22:15
9b81b898-8791-4cbe-86a3-110a98139b31,7026042.542173024,2026-08-11 15:43:52
ae608948-1bf3-44ef-aefe-236884c42de1,526163.8502702996,2026-07-31 13:41:06
1c6fec01-f57f-4bba-bfba-cf5fa576db48,1931746.4990336506,2026-07-30 20:14:18
0922d88d-e522-4d31-8d9a-6fce1d7cf46d,6996487.491935512,2026-08-15 09:31:02
8839c8e4-10db-4fdc-bd1f-d7c0442441ec,9340929.426391127,2026-06-16 06:35:44
9ec6c95e-e1f2-47be-b9f9-9c644684833e,4763505.715459254,2026-08-20 08:11:32
649423aa-6454-46be-a791-346cb7403274,1562620.6036121985,2026-07-24 07:55:29
e128b9a8-d2f6-49ca-bbe2-77ba384a9967,2067101.9535992374,2026-08-26 05:58:57
2bc8906f-34a9-4b86-bec3-91ef44ad2484,6405088.614609662,2026-08-27 02:53:40
49b9e124-a30b-43b5-98fe-7bd2341d85cd,1238768.2357569821,2026-08-03 03:43:25
00cb9caa-bbdf-4574-89b8-f7ba98a7fea2,7442511.4694653945,2026-08-03 01:17:20
b3521505-e864-4e0c-80d4-58b92f615360,7536946.733758302,2026-08-15 01:05:23
da41a15f-4e29-49da-bd35-0d2a7a0cd56d,3459702.5059491675,2026-08-29 16:45:23
11c7c76c-ae73-43c0-90ab-36602b945cbb,9299237.998945141,2026-08-16 20:19:23
74890e8c-e65d-4443-9508-21672ff5cdab,7495048.203070454,2026-04-23 06:29:59
797f6e4d-aa81-4850-8342-96faf6558f35,6998769.45975774,2026-08-27 06:58:45
f9705e4b-2d71-4040-8554-e88b558492ba,4507675.720686289,2026-08-15 14:32:50
ade03e6c-2bb4-4408-93b4-c4f6e19a17f6,2734893.5903683947,2026-07-20 20:12:03
5a2615f8-9810-48c1-827d-eb45da6415b5,1507211.298338214,2026-08-10 03:23:19
df8b4008-7d01-45a3-8041-f5d49549e631,3648547.4,2026-04-21 13:09:41
d1a529db-0b90-403d-9c00-b89578fa3b84,2161401.1251341994,2026-07-28 12:27:11
4a68998f-fd8b-4697-ae17-82f691386474,5149791.963129921,2026-08-16 18:25:46
c1472ff2-2ad4-4bba-80ce-350586780a98,2183493.6431754334,2026-06-19 22:30:27
4dfa6a17-1999-4b39-980a-7e01c67736bc,5800684.025549297,2026-08-20 11:24:12
bc1cd60d-7d9c-43c7-b3de-aa5655eef366,3602674.1199266887,2026-08-27 20:12:08
a9d52401-41e1-408c-8bb3-fbb2fd6314f2,5805117.665951349,2026-08-09 22:32:47
0378bcb7-7570-40ac-9d42-10d540e7ca76,9141164.777400786,2026-08-28 17:49:37
e430fb91-556f-490e-b5cc-dbe64d171ebc,4977877.522190124,2026-08-22 02:51:12
dd7902fc-db61-4a80-a9f7-c6d1c6475ae2,896482.2303204425,2026-08-22 10:32:33
25dccca2-054e-4210-a3c9-f400ba6c557c,9396386.00437068,2026-08-23 12:47:23
fe7c7d6e-a8cc-4515-b862-abcfdb3437bb,1195366.5662862053,2026-06-05 19:27:57
3e8ee36a-07e9-4e6d-bf71-eef65b7117bd,6515818.669831971,2026-08-27 08:51:19
6e43b319-f929-4271-b220-58f9bdb2fd9e,6672906.64,2026-06-08 20:09:07
319fa2f7-16da-48f5-be8e-b66f34d091d1,1301705.6215215551,2026-08-15 20:50:46
461fe028-f727-4e90-9ba1-68b8a3840e2b,9633631.317033984,2026-08-28 23:15:46
e6335f58-8b7f-447e-adc5-efc7a07bf99b,4026574.394795066,2026-08-23 04:42:04
86e35e9b-e047-4ecb-b553-8cd3fcc1c48c,2905200.1743549993,2026-04-24 02:10:51
594de8d7-add7-4b0f-a90b-365143eb4ff0,5709710.993442606,2026-08-28 07:40:51
f1fcfc36-6ad3-4c40-96d2-6487641a4b74,4382437.041540009,2026-07-02 22:28:12
945b3711-0a85-4722-b0c9-5ec44f2fcfd6,1048369.9232684219,2026-08-02 05:56:20
9cc41ca3-d58c-449e-97e0-d57bb3ab800b,5897421.728103994,2026-04-18 13:20:00
9110c9fd-747c-418f-8b9a-efff6ef735aa,1679619.9383676865,2026-08-29 19:12:12
1c35730b-49d5-4453-98d4-d949cad6d3ef,200950.47263672628,2026-06-04 19:16:45
25aa620f-af7e-4d9e-ad5f-24c37fb9ae49,582865.1874192968,2026-08-20 09:23:47
f777c816-85ef-475e-a675-5363ae50f96e,4123032.085601161,2026-08-04 00:18:33
29a099de-aa10-4595-8ee2-51809fb109a3,1969088.17,2026-08-01 00:44:45
ccbeb6db-108a-44de-89cb-67907ca08cde,751245.3689441773,2026-08-02 13:54:15
37a2a180-0a7b-46e7-b430-0ccc03fddd08,4006925.04,2026-08-12 06:32:52
0d9e1328-1f99-4c80-97d3-8ab9d3520a91,4950548.092411229,2026-08-29 12:05:34
5a2d6aee-6e29-4319-814d-98294e4a516f,3218390.943912412,2026-08-29 03:42:19
405df186-0cc6-4163-802a-0e3dd5883c8f,2858647.99,2026-08-17 04:23:20
c90703e8-4884-4707-a0f3-ee6659a7e6e4,24003.03,2026-08-28 21:43:53
8f8d4107-c4d5-4c13-b561-d900aa52cdf3,3907631.4881672235,2026-07-27 05:37:23
454a8e82-b694-45c7-9604-52b7f424b79c,1538246.5575859686,2026-06-08 05:19:12
6e9ae156-325c-4a4e-bba9-5ec4fef43c9c,6159469.101393128,2026-08-06 00:59:44
79222d87-083a-4c27-b807-10194a720071,6492293.82534285,2026-08-28 16:09:23
adb231a2-cfcc-4abd-bfac-abcc5ac92db2,4841727.42,2026-08-26 03:17:53
f7873461-662c-4f00-ac2d-1b9662e0adf7,2691035.09,2026-06-24 18:09:37
4d515b58-eb91-47bc-82e1-feb9e49dda44,9578440.47963322,2026-08-16 17:14:14
6f91a7be-905c-4fd9-ac5d-849c4f8c61b9,8828710.78997932,2026-08-20 11:00:59
aeee2302-23a1-4fdd-9402-c7becdebdd3c,1985065.92767293,2026-08-25 19:45:12
6a93716a-22bc-4104-8001-570a3312de73,663539.6767186959,2026-08-21 09:08:25
15e9bee4-4e14-4977-8d12-6ab13313f36c,5893464.538487594,2026-07-18 13:33:20
760e36aa-a0d9-40ba-ad57-a5c89110f698,509775.3087998249,2026-08-28 08:16:43
e03c63df-c84b-4df5-a03f-4ddc2ef17a90,1691711.5824243554,2026-08-23 21:35:59
86cd6214-237b-4fd1-9896-3a6e6fd83533,3264693.20890587,2026-08-08 02:53:26
ef544897-80fa-47e3-9031-d661b1b2b9c6,4249860.83513007,2026-08-12 01:52:30
5aac72b1-77e7-4d81-9b88-fc72b66cdb02,2137994.042600462,2026-06-14 21:21:55
6906b588-f621-42ab-aba6-4252776ffd03,7557455.433492471,2026-06-06 04:16:24
06c3998e-8f14-4ac7-a99d-6b91071592d9,488351.1521127255,2026-08-25 14:48:28
23fd6ade-c17f-4f19-96a3-48336bc152ad,4604882.861649476,2026-08-28 10:27:07
3e1e0693-c960-4851-8d69-6e19e8273dee,4896563.232290245,2026-08-28 04:51:24
9ef2a148-2095-45d5-9f84-3666831ffc00,2261966.181322155,2026-08-19 03:16:16
4b188a0d-e0b7-4818-90c9-7f32e660a8e0,8991233.14812783,2026-05-09 01:46:29
203d54c9-6485-425e-9858-f464c15da547,7997110.710725033,2026-08-27 07:18:15
ceb7138a-767a-42b7-8186-2029ab8a5015,2607469.14,2026-08-28 00:05:17
15ac37f0-0de9-4283-96d5-aed275d106f2,7774419.638911205,2026-08-23 02:15:32
a65e883b-fc75-4e3d-9473-f3b5452a2da7,4054234.823562258,2026-06-19 15:31:09
d26aab27-18ef-4501-9826-a55f555f2bf4,3583065.404316156,2026-08-28 03:50:58
54d09314-b0ca-4249-bb41-7aed90c0e607,2870565.38631944,2026-07-17 21:19:08
aca65492-95a9-4dd7-bd8f-a26f1f16de17,9809275.161546113,2026-08-23 22:52:58
b39a442b-0d92-4c7e-b78a-2037bd46ebd5,3125241.273757297,2026-07-29 18:55:18
bd8c6f4f-8fe2-45b1-a4e7-23838429e12c,3594699.5624641944,2026-08-03 21:53:53
acf96a12-e522-466c-b93a-26ee22eb4a7f,2123587.205749002,2026-08-18 05:12:58
a0d44d24-4d07-4581-a79f-5df0da2d6df9,361397.2925902461,2026-08-22 23:13:50
01a6c260-efc0-4273-bd39-7fe7b819b15d,5981024.922669174,2026-08-07 23:38:53
33611134-b012-40ab-9fa8-70407c260521,4933056.74819987,2026-08-26 01:16:27
9a920655-272c-4482-8002-572a113038f5,7985583.166557926,2026-07-14 22:39:44
344c96cc-3f48-45f0-98cc-0e298513176c,5836378.429329413,2026-07-20 08:12:19
817c6779-d52d-4f91-864f-e16479472ea4,4797932.889040656,2026-07-17 18:16:10
1f2f087d-ed11-4faf-8e3f-49126405d362,9387620.676179392,2026-08-26 16:15:02
2f1d80ea-fb91-4b90-bbd5-0aeb679111dd,9389616.857916366,2026-08-29 14:46:16
8bf5caed-d904-4887-977b-03b33c243b45,5290699.222894903,2026-07-13 17:56:41
706ad042-ae6b-4455-9cdd-d7c2d25a0b3f,5562401.558667228,2026-08-24 03:37:33
6eaebb60-1f89-4ec2-9dfe-19d2a87d2106,1770135.4385963983,2026-08-18 02:57:31
24458bad-2f4f-414c-858b-5ee1a2ddd15a,6798289.260297901,2026-08-29 16:16:33
82f2a59e-2bb7-4146-bd9d-542aa84fa67f,9558912.142207045,2026-08-25 03:24:21
79e58450-334a-44a8-8bf3-49a3b31add22,5218916.610029447,2026-07-19 09:08:08
199ae3da-aae3-4bc0-8a19-54ec4a3fcfda,1226457.203600326,2026-08-28 05:27:14
467248f6-aaee-4d68-9e09-f48e7e32e5d0,7990820.661470895,2026-08-20 22:30:37
1b7a5c94-ccc3-4f70-b299-5e1862c526ab,878628.1867660831,2026-08-17 15:57:33
25ee3dfd-6cc1-4a4d-9041-1dec6ab9ba0f,8835622.54,2026-07-04 19:40:06
907001b6-1ec0-4c35-b503-5829488e5bd8,9108475.794102527,2026-08-20 16:48:38
08b9b2e9-4d81-4859-949e-24ad02d22ee7,5884461.78,2026-08-10 17:25:18
5acf614a-e834-4b5b-a879-c9a60ae9eacc,7712456.805220883,2026-07-31 22:42:31
75566ff1-b91a-4e28-a1e6-8d3577c8c297,1510436.9388902956,2026-08-12 21:51:57
5b9559d0-2887-4d02-bb54-35ba0255b13b,740686.9946968979,2026-08-19 07:58:55
35f5afea-80d2-457b-9c6b-f2c8db184d46,2494385.6575489067,2026-08-26 16:29:08
63fff4b5-866a-4c09-b4cb-22f4e70d8d07,9661004.060457792,2026-07-19 18:06:05
26c25405-a7ea-42f0-acab-d3d710116af4,8722432.380875621,2026-08-13 22:07:19
56dbc7ac-902a-43ae-b81e-1682a7eb4008,572171.8,2026-08-17 15:35:13
23d99d90-c964-4746-9bd1-65a3b716307d,2413657.637161501,2026-05-21 04:24:11
4d8cd019-a88f-485a-833a-402ec8f3332a,3513983.38770085,2026-08-25 21:10:50
a5278097-d6de-4902-aa89-7692117637b2,1816437.62,2026-08-28 10:35:53
9b1872ac-78c4-427f-b66a-015b6063cb32,6364438.242295269,2026-08-19 07:48:36
81c974a0-ed6a-439f-b560-4484937749f6,204942.83186396572,2026-08-29 06:30:09
b2a0f851-2121-4c4f-825c-a2e38682d62f,9612874.337831268,2026-08-27 12:59:40
591cc4b6-94aa-400a-b487-a21f96bf02dd,1648590.6670187276,2026-08-21 17:16:46
114c440d-675d-493b-9473-6d379e12d7cf,7967473.993375172,2026-08-26 11:47:13
28bfffdd-bb9d-4c31-9a1e-b729078ebe4e,6656035.8700831495,2026-04-16 06:10:48
3b45d977-c289-4a30-92db-575a79f633e8,4582789.878213993,2026-08-22 13:53:03
2c8b2151-e179-4fcd-a658-eb6a1afd943c,2477907.97,2026-08-17 02:12:52
f92b7b46-c17d-449c-a253-4b28e47919dd,1470179.9061288487,2026-06-13 09:15:54
9ca5b74f-0fda-4ca4-907a-8bccec20d201,8514586.970842263,2026-06-26 07:43:33
bffbbc83-d8c8-4184-8994-3e761d4e2772,8331556.89305187,2026-06-25 16:12:19
9b45c430-5fd3-42e2-836b-08907108022a,3179631.4441511617,2026-05-18 22:34:11
1b8fabe9-5237-4d88-ac8f-abbcec6dd411,812587.85,2026-08-27 08:21:45
fd26a41b-221a-4c4e-a0ac-4a6473131038,499213.8352695274,2026-08-29 08:05:53
40a3823b-321a-4240-b321-cbb08e74b39c,9726980.548557088,2026-08-28 01:46:45
d057ab85-6f1e-40de-a97e-b3f4bdfdcc7b,3514015.0096255653,2026-08-17 00:51:32
16054b9e-313a-4c74-8a3d-b769cf052461,327491.6068388964,2026-06-18 10:10:07
ab2d2fef-f5b7-4271-a10d-b9560634caf6,3663597.278779675,2026-07-19 21:24:41
23fbe8f2-cf5c-4d7f-8882-5d14341b2c09,4533654.210375715,2026-07-01 22:44:06
917bc866-6874-4b44-863e-23bf5c0c309c,4944076.8099064315,2026-08-28 15:42:05
2f701b32-5738-4b52-926c-4e50dd4f4af2,6094522.203261026,2026-08-25 13:56:10
ba70c9f6-e936-4ad0-b52e-af63badfc7a8,1054522.557839719,2026-07-28 00:11:03
d5185b72-30ac-4fda-bf05-5b1087352231,4881735.745868763,2026-08-23 03:10:25
8037b969-7946-4eae-93dc-00ee9203c5d2,6638886.896515213,2026-07-29 18:03:44
8f06c963-e656-44ac-9e54-a1755b429d0e,4266847.329084971,2026-08-13 06:47:15
14013b99-91b3-4921-9224-615fdfbcf340,5866471.51,2026-08-01 13:33:26
19d56f42-4c58-4a8e-846a-4a71c84a89b8,4853141.289065112,2026-04-02 09:16:07
99fb38a9-0d2d-4a72-bb06-dd827fab9b07,2241265.74,2026-08-15 01:39:36
d24289ea-3959-4465-85c5-581054b728fa,6866619.647059994,2026-08-04 16:31:16
63f2fc26-405a-4f9e-9401-8a45ec1a1adc,889992.5089437976,2026-08-29 18:11:03
df18e065-df58-44d5-9165-5b1e5b9facde,1954640.2591024605,2026-07-23 17:44:01
88cfffa2-1324-47ee-89be-e3ddf7d65f6a,3310434.9945380595,2026-08-18 13:00:13
ee8b09a3-848b-4725-9a6b-00603dcc4915,5205628.71953612,2026-08-12 16:31:45
9e5f8378-6633-427e-8fee-ea91800314a8,951701.9277393033,2026-08-13 05:20:59
1c6244f4-e44d-4dc2-b290-88928bc2d46d,2611380.9948160723,2026-08-26 05:41:08
fc24a159-eada-4885-afda-70bf78920f72,7128130.636955299,2026-08-18 07:12:29
568a220d-0843-480a-87ac-a3fea73a366e,6090483.18828769,2026-08-28 00:02:32
e355ce16-55a4-4eab-b354-b4be42c91aaf,68252.38818488232,2026-08-10 07:06:02
8c0dea8b-3448-4247-a3a8-6b610f344fe1,8324322.739717825,2026-08-29 05:33:55
c1e158aa-ec96-4f27-9461-4433bbdf144c,7450636.830029365,2026-08-28 17:25:54
3c5168b0-0ff4-42d6-a0d6-5081e98dc5f7,5653471.150677099,2026-08-29 10:16:45
9058e121-f2af-486f-8e3f-de9a12aa5ab4,6580963.464032644,2026-02-11 07:14:59
f32d2812-121d-47ac-bb26-7d27588955c0,9655737.837357817,2026-08-28 11:52:26
edeac5b8-9cc8-42cd-bd42-11d1992033eb,4224813.799665137,2026-08-29 17:16:10
f2546c17-7a90-4486-8d2a-3484e3346bd8,327841.54475449014,2026-08-11 18:11:06
1aa3c18e-0aaf-4962-b92c-23e3454009f2,7728554.69015561,2026-04-20 23:37:35
c8132025-4dac-433c-ba43-82176e77cdd3,1717227.0283577282,2026-08-08 04:24:15
06bf1fb7-0e2b-48c9-ae66-2c46057d4e28,3266853.4029329647,2026-08-26 20:34:22
611f98ef-dc3c-423a-9bae-fd9e88c06786,6701590.979055836,2026-08-19 02:32:12
8d70600f-04a1-4d66-bce8-8f22af001605,7872185.477550466,2026-08-02 10:30:23
60920068-c403-4430-a31a-9c3c0d591303,9411931.360261654,2026-08-24 01:01:06
6d44f723-b38a-4f82-ae02-0a88200f8ed9,1665706.3211590296,2026-07-30 18:06:34
1e34c29a-701d-4db0-9d96-dc532344ec54,818489.1423453868,2026-08-17 08:47:15
5a0ed9b7-5e22-47d4-a74f-232bfb876271,5184136.525031412,2026-08-09 19:41:22
0ed40264-eb06-4b1e-afc0-174f57d714f1,2288373.751697633,2026-05-04 00:55:06
cd409bc9-fdae-4920-8bb8-382f916ba250,2737566.159382524,2026-08-06 15:42:55
d007fd07-3ffa-4a11-b846-9295df8db157,1706157.0094305046,2026-06-22 23:37:05
704532d5-2070-43f0-8e80-ea41139cd2b0,6239806.42239884,2026-06-19 10:15:01
5983ce94-506a-4dd3-8b31-324f485835db,2151467.135427801,2026-08-26 19:50:21
ff82bf84-3e86-4c14-a3f2-df80a7bbc612,4279773.174152513,2026-08-09 02:06:38
7a8c2c36-65d7-4163-9b2a-eea621351574,9321834.903265122,2026-08-16 12:09:41
138d8006-13a9-4a92-a816-4d181f540e96,1559465.9933579352,2026-08-08 05:55:36
7eb3aefc-34b3-4dcb-8b2c-65b5f0390686,6357609.2623411,2026-08-28 22:40:03
e5cbbf13-5b61-4ebe-903c-9c2cbc3749b1,2593247.8776329337,2026-08-20 23:34:46
f1015bfe-4d7e-4c8e-b68f-f0dc718bf53a,8146104.473171119,2026-08-14 11:08:58
de74e122-4aed-4cc8-8d28-eef5c7bbbcf8,6264501.2486271,2026-08-02 07:13:05
51a0bd7c-447d-40b8-a49a-3cd986df42bd,1458439.59941017,2026-08-17 17:10:12
0dd2c843-1ab8-4733-80e1-cc418a9a727f,1686402.2083671184,2026-07-29 00:33:46
f358206d-b49b-41ef-a92c-6843e6824710,4981311.270116185,2026-08-28 14:14:17
341c2d10-1415-4ad9-879f-ea147c781b98,898118.1058815127,2026-05-31 19:08:06
3b046707-855f-4cc6-b9d7-1979d767a6da,6007752.551855681,2026-08-21 13:21:57
1f6c6a86-35f4-4fba-8d8f-2868bdedb9cc,4802255.501611886,2026-08-27 19:20:14
24579251-c9b6-4093-90fe-42afb993c041,2298644.8357032877,2026-06-16 16:23:25
70b6052f-b2c6-4986-bc2f-db76fa584a4b,6397051.428634566,2026-08-20 11:02:05
1d3ebe5b-f3fa-4150-b429-cf81c3a215ff,6811168.307833185,2026-06-09 01:26:07
4532499e-08a4-4ec0-9619-68aa7fb866b2,7439860.439498715,2026-08-07 18:12:16
d3c1fe3f-4ce7-4b3f-a259-66cc9696e833,2197794.2,2026-06-10 05:39:58
9c186d49-dac5-409e-8772-9adf0f49d01a,2931672.33,2026-08-28 14:00:10
61f14c98-dcde-4dc8-84d3-40e87ecfbfc6,5321088.881626702,2026-08-06 05:35:29
34aababd-3975-4433-8b5e-d14871ab4711,4108170.712786261,2026-08-22 07:16:18
88516447-6e5b-4598-a8f0-e3e02f369832,2294446.1510483157,2026-07-04 08:10:17
8aa2f756-0803-4d31-8e1e-2f3da91022b8,6750435.85,2026-08-24 01:42:57
e8f94c88-06a7-4b07-afed-e7bb5909b7d6,4799626.725346541,2026-08-23 15:16:11
43355860-e84e-4da0-9402-2243ec35fb0c,2895249.3133999025,2026-08-28 03:39:33
5748218a-0700-4750-81db-480a376f6fff,9234763.48,2026-08-25 18:19:07
dda1497a-6f1f-4af1-9f1c-9fd4d4490964,8742896.78151475,2026-08-14 13:50:41
bc441fbc-edb6-4854-baae-905cc8594dfb,6309915.069502639,2026-08-22 22:37:05
635b36bd-8da4-4fbe-9bf5-3332ceb18cd3,4677011.802352349,2026-08-27 02:06:53
dbc7945d-4994-41c5-ad8f-6932eeb687c3,8899439.894328458,2026-08-28 06:22:33
929614b5-6c80-43b7-b6a8-1a2788e61f32,9168065.852962714,2026-08-27 11:36:13
4295f5c9-84d7-4929-84dd-fe54917c4f11,4722120.939997811,2026-06-30 00:24:08
bee1dc65-77a3-49c6-a19c-4a06f5d68c8f,5143774.08998169,2026-08-15 07:33:51
47dbf6a2-03e3-4f78-a85f-da5521c268f3,7293569.629240603,2026-08-14 23:17:48
ffb1c192-15e5-4e78-863e-9bb3f37296a2,9045168.258631807,2026-08-29 01:21:07
56688530-4bbb-4e9a-8af5-3d42c5767c74,1235614.2868112915,2026-08-24 03:04:07
46368d12-9d94-413f-89e2-18a7650495b5,4547773.59234249,2026-08-23 14:34:20
c84d16c0-4021-4347-a8c3-4b2544cca057,7670760.8058680175,2026-08-28 23:16:57
522c5c44-a928-45b2-9185-5abd4e90ae4a,8655887.11451521,2026-07-07 14:57:30
76751903-719d-422f-adc4-d065d8fbd542,9006769.349466594,2026-08-05 01:33:18
8e7de390-d825-4478-a343-21bf7aeee7df,9313369.147535048,2026-07-21 17:47:33
f057712b-945e-487f-8eff-6a6b689ab92d,4037632.32,2026-04-08 11:35:13
2e07a11f-70c0-44f6-9065-2764f40b0779,6189627.242157048,2026-08-04 10:28:40
42714418-46b1-454a-8967-82fbc4170ebd,3133328.9387161746,2026-08-23 04:07:26
a15dd7c4-3a38-404b-a091-a7067eb3a98f,6685567.11,2026-08-18 16:07:08
a7ee2f23-9e31-4cfd-9f09-87e9259b5aea,6937080.526793528,2026-07-29 14:02:13
09db40a9-a793-4b81-9d4c-5eb73b906c08,7140518.4452197645,2026-04-28 12:10:03
70b81530-dc4e-457f-81b8-5934af378cf9,1430461.375198106,2026-08-28 22:06:01
b7a4c108-8dac-40f9-8abd-99fd513cd464,3763837.112274175,2026-06-20 13:50:40
fdf1d205-b6ec-484e-b3a2-dc1d0f916e97,6401120.555297945,2026-05-26 08:39:03
adaad2f9-0420-421e-81e7-ebbaf9ac1a4f,9638108.150863497,2026-08-13 17:38:09
99bf88ed-0b73-4040-b7e3-c6158a5a5d57,4960501.45,2026-08-28 03:14:21
81c6af40-13d5-4c4f-9bf2-235c5987e1e6,503002.9996453585,2026-08-10 21:06:46
3caaa31e-13d3-4726-82d3-39481cf98855,8882900.015141498,2026-08-29 03:04:42
d44260d2-5f11-4839-9203-7fc25366e938,6159265.766543123,2026-08-27 21:47:45
6d2d7cb9-a452-4559-9246-d2a56a7cfd08,6463367.248018349,2026-08-22 15:07:43
9b622c0a-5398-4922-8652-62a224a0db6e,5640856.381881491,2026-08-02 06:57:29
e5bb7f3b-687b-43ce-b9a0-13be55c1a0d9,3612345.802262119,2026-08-29 19:50:17
4b47b715-f937-4fff-b146-56f1787ed06b,886075.652554886,2026-08-05 10:36:40
1b3206f0-0689-4b1c-975a-ae69e9707c9e,3878862.9052611766,2026-08-05 19:46:00
82c3892b-5027-4309-8edb-5488362387b4,5380892.992444807,2026-08-29 22:14:08
c8914d99-8218-4bb9-bdf6-8eb0c7e75797,5237456.345021322,2026-08-22 21:44:00
3701a2fd-f09f-45ab-9813-d72fb67cb2ac,7218351.704817561,2026-07-21 12:37:35
a8350a40-0858-414d-952a-ed00d4aa826d,7676005.77994838,2026-08-27 11:18:21
ff712ff4-c33a-4761-a18f-178a266b4b6d,1361473.401574085,2026-08-26 07:55:11
f5687574-13ca-4eb6-b486-a2511414f827,1258416.94,2026-07-29 21:48:22
930e7347-ff70-4baa-80e5-1b3d90be35ee,9499883.391152939,2026-08-26 01:47:00
bba8e166-89f9-443e-ab07-4c79bbe43aa7,8911003.194463572,2026-07-31 22:21:22
cc5732f2-871b-4b1f-a0e4-0a11d8fbfda5,9747155.65822317,2026-05-20 00:05:41
86423a80-a8c1-4f22-b8ea-904d9b6b0992,173418.28586767713,2026-08-13 04:20:52
31ed10f5-44e9-48ac-9122-f00170e68474,8418257.590905914,2026-08-27 00:00:26
3e3a0dfc-5424-4ae4-be78-af27e93bda3b,2406021.600397366,2026-08-20 12:51:03
bf89444e-5097-4e46-b4b0-b2433b1ba723,4329860.540517778,2026-07-12 20:45:51
bb98abdf-71ec-42ad-bdb5-38c9b16d3da7,4744279.18,2026-08-17 22:49:39
8f7a1e43-5a1b-49db-9466-91895ca43e71,1687231.8097197635,2026-08-22 17:17:21
a740a142-5cbf-4ee6-aa25-8d831391d18a,9350470.427405782,2026-08-23 16:17:38
c94b3a6f-72ef-417e-baf8-34f29aef9aec,1275578.0819447907,2026-08-28 07:21:02
d3a81c4f-d3ec-4562-91c0-69ee3ad1c48f,5622709.725952252,2026-08-20 07:48:29
c6c55054-3eb4-4527-89a1-321decfbc936,7243729.215310912,2026-08-20 06:05:56
235d2722-aa78-48aa-95b2-868bac92275a,2584874.5214491496,2026-08-29 14:44:48
50581a4a-5771-4fff-8971-4ec3cbbd3732,5413098.059041055,2026-07-24 02:50:55
81496136-6bc8-42f4-a893-a38a14dd9314,6699569.159318396,2026-04-30 00:58:35
e05c1fb9-2e0e-44aa-a65e-0ac332b6f533,8568744.65346563,2026-08-13 07:17:53
6b2b0c27-1eec-4480-aab1-803803f89c7b,4692251.898174652,2026-06-07 09:30:44
ee1caec8-b61d-4f43-8df8-dff9c3f86f2d,3620878.5372670465,2026-08-11 21:20:03
de94da10-205b-4db8-99da-d534be2badee,8355825.294227637,2026-08-01 19:45:46
b0a6e457-0620-4f4a-ae71-8848d577c131,1130303.274392447,2026-05-27 14:07:48
83d04bac-21e3-4238-92b1-178bfd6c47e3,8328297.360910367,2026-08-26 06:04:56
6c1fb2fc-e77d-4bec-a35b-729ceb2ae08b,646755.7912247401,2026-08-20 11:38:30
8e93abd2-b269-4b43-a6fe-47b320a0c244,6624472.74,2026-06-30 13:26:22
5639117a-1e78-4a02-8b1b-bb3ab6448d24,6064811.2091625035,2026-07-18 14:33:12
1b96ee81-9ddb-4fea-9bd7-871c976b1a33,1552886.76,2026-06-01 03:59:25
5ade80d4-ebb4-4c9e-bd1e-9dd812e1725b,1606622.9780016819,2026-08-08 02:23:20
73230f23-a17e-44b0-a8ac-039ce921f231,4657977.03645913,2026-08-29 20:30:06
c1f6028b-4a0e-4be5-af89-63b3d5b5c24c,117978.32277579783,2026-08-28 12:19:53
2ef6a152-bbc2-4de6-a275-8233b33aa6b9,5242736.177967949,2026-08-28 07:03:01
8266557c-efc6-4c4c-91f2-789bea956113,8826697.029206099,2026-07-20 11:45:26
97f31baf-01fe-4d86-a545-fcc626fa466b,3361217.60259913,2026-08-14 23:18:34
611eb15c-741a-4b09-a63f-63eaac852cc7,7994355.910917912,2026-08-10 11:26:49
b8f7ef48-8238-4358-ad3d-ab8a70473d9d,2289019.8305980936,2026-08-28 13:48:40
18ce58d1-c5e3-4e15-b1dc-527047802d60,3492820.2923217625,2026-08-16 10:18:38
0c5c9940-5753-4534-be48-7b1c4c1f088f,849976.8529386196,2026-08-29 18:16:52
821b390c-946f-4f07-8673-173ae5b58f30,7743128.623796127,2026-08-29 04:12:41
518e58fd-6252-4390-92a3-069d49069da9,615059.3078194525,2026-08-23 21:24:29
d06176b3-0abc-46fc-a4a8-87a1f41978cd,935164.874478184,2026-08-21 05:21:12
35ef2b60-bb21-4347-bd3c-902ae1e3eda6,8489361.926984968,2026-07-28 00:41:00
e12c6678-933c-4b76-873b-ccd484e6078f,2799699.508171854,2026-08-02 16:58:36
48e80f79-58eb-4462-9976-a39a507a61a9,4579442.359959612,2026-07-25 03:01:17
7c9428af-461a-4f63-89b0-16e51e595d1f,1122290.2895679323,2026-07-01 21:51:19
49d9bf73-2b58-4b3f-a2a6-3e3c3940093a,5716519.931674227,2026-08-16 18:16:44
1b2aa4e4-c0e3-44e7-9b2d-f807fd225cba,76250.5397473736,2026-08-02 00:25:52
1891e25c-2418-47fd-8754-3604aa9b64ba,5542154.167683144,2026-05-22 00:32:49
c13ed0d3-823a-4b12-96ba-f0f28d5a9549,9513666.998888442,2026-08-11 19:00:48
0a2cbb1b-e70c-4274-9930-300a07006af3,5574874.441439015,2026-08-29 00:24:49
01b4cdfc-31f4-46ea-8c8a-bd6989b4db80,4227336.615050166,2026-08-20 01:50:51
5e9a35cf-0699-476d-9288-b06ad51f03b1,5192026.743740408,2026-08-03 08:02:10
9237e145-f2a8-4faa-b11a-31f5482680f9,4115829.549743026,2026-07-30 17:46:01
204d3f55-8559-4d77-b1e0-07b0bb6a3647,2943718.56146085,2026-08-13 02:39:54
b75c3825-1c0f-487f-ab01-bba74b814a84,3137317.7413957412,2026-08-29 22:11:18
71c487bc-1eb4-4d3b-9841-26aceb4f9efb,3755479.6402521506,2026-08-16 17:04:58
dd500d6b-163c-4529-8357-ac517e45fee4,1956622.5392883504,2026-07-16 14:31:47
ab30f1b1-bb4c-4947-8748-b576fe3a4f96,8933669.0511091,2026-04-11 08:42:39
143dbd6c-cdbb-4c1f-9a8d-785ef7eba7e9,9408732.289517863,2026-08-24 15:17:36
13089f8b-ba34-4e82-b8f1-f1abcb170945,3667368.3073392264,2026-08-22 04:44:53
46af040d-55d8-481a-81ce-b20e281f45ff,530529.2373093165,2026-08-26 15:07:16
ac0d8818-8349-4078-bc4b-2732a170920c,1966398.3288803266,2026-07-28 13:30:33
e46bf89a-5097-421a-b01c-ad4eb4f17ca9,9542955.24,2026-06-19 11:04:41
b481acde-eeaf-4b56-99b6-5b6b6ef1d60c,3902567.662205761,2026-08-11 00:06:16
d7680657-30bd-47be-9149-76758573b517,3474617.9341432825,2026-08-13 01:25:04
a046d4d3-e0a8-48af-966f-3fffa93fd7ec,2968356.370986595,2026-08-22 13:22:57
020a5c40-a095-40d0-a26e-67daf2fda085,4395834.5498309005,2026-06-27 01:53:25
df42eabd-604f-4c8d-961a-9968230a37e5,2463638.3148046914,2026-08-29 14:39:07
43e9c94c-3217-493c-ac60-82a4385fa73d,8497935.917617975,2026-08-29 15:08:43
2fe61a89-d059-4594-bc08-a96026c451fd,9243154.931629848,2026-08-26 22:31:29
a2807710-32d5-4d87-a1bd-1db7485873c1,7809903.780056439,2026-07-31 16:50:06
b9291d34-db6e-40ba-842c-a512f369c683,4233574.45,2026-08-26 17:58:40
113808db-6f2f-4411-80d1-90bd36d5187b,3277005.0853271256,2026-08-27 09:04:08
b5c1f027-3563-459e-9c78-bade8ec7dccb,5875822.088528484,2026-07-30 19:04:13
4358ce3f-b01f-40e7-ab0c-7da509efa19b,6283127.375750968,2026-08-29 05:14:30
3c165571-957a-46e5-a18a-f1fd615ab341,5518205.427487975,2026-08-18 13:00:32
a82d4879-87cc-4d1c-bbf6-b2ad5944a69c,2656701.38,2026-08-26 21:44:15
3b5d5c9c-d737-44d5-8cd3-6406e0bd6044,6467457.100998267,2026-08-24 16:43:21
cbf78eb1-7d7f-4fed-bc2c-e385ab00764e,8616879.98989944,2026-08-29 20:52:37
8b1d2284-5b6c-4b7a-990c-2e2a6467e0c0,4133351.0268328446,2026-07-17 12:45:47
1cc41c62-380b-44cb-98b6-66f84ba0768a,7712071.257396922,2026-08-18 07:09:59
534d388e-7279-4c9e-b828-1e0b6b6a838e,1710924.2838020818,2026-06-24 10:23:33
2d1b143e-1da6-436d-acc3-f8aaa9943d14,3755747.5404987787,2026-07-24 01:37:13
1d10b6f6-a91d-4cb2-91a3-d21bf4d1183f,2826762.382576522,2026-06-01 17:40:45
20c8667f-b46f-4145-a5e9-2e49b26c8876,7607278.170620483,2026-08-25 11:48:21
7d3a8826-dd2f-4568-8e02-3728d712288a,8847098.03877345,2026-08-27 02:10:42
076a16e7-3c1f-49aa-afed-c6c3697905ea,7189815.297250395,2026-08-28 07:43:05
e3caa0c4-3711-42b7-81ea-b1da4496a883,3760415.7887205817,2026-08-17 14:37:55
c59498c5-8ff0-4845-8f90-cd6368b49b00,1526.2348397616568,2026-08-26 14:03:22
69464f3f-514f-4fd9-accc-150742f88fc5,136610.22945241557,2026-08-23 03:41:52
660fdc40-6cd9-4c3f-b123-bc96cf1ca021,4856129.238778001,2026-08-26 14:40:48
7c4a14cf-44b0-403f-8dfc-73c1e990ff49,9123870.832548872,2026-07-12 11:15:08
0bae4fc1-d18a-43ca-a2e2-575356ffdb3e,6168423.961312774,2026-07-11 04:41:35
928fbbae-38a7-4678-a8e9-68cf72984bb6,4473418.06,2026-08-29 23:27:54
c790b84c-34c9-43ae-8938-279c2aa20c1e,1134459.0242529034,2026-06-13 21:50:13
9c5a342e-9d01-4d3c-b7df-9baff2a81e6e,4017206.97,2026-07-04 18:23:39
051978bf-8a2e-40d6-9ade-bcc221144198,1681612.268584721,2026-05-14 10:23:57
c7ca7ddc-171a-4d35-a112-7927cd6aee30,2466549.0272497307,2026-08-23 20:46:30
84c62e4b-0c99-4e2d-a7a9-98ab103f3a46,2413044.3767085266,2026-07-13 02:25:20
fc37337a-32cc-439d-8914-bc965cb27033,4083646.3896382595,2026-08-12 03:57:19
dc16cbae-6541-45f8-8923-8eb6d690efa9,7211647.473868444,2026-08-27 05:21:49
2951c8a7-cd21-4a34-8a49-ba1b3ab5a9f1,8613220.152992954,2026-07-30 20:57:42
8d8e352b-3732-4d15-a9d4-45f354dd528c,692890.8802801231,2026-08-28 16:16:31
093c3582-037d-482e-b0a4-be8a3fab0c74,858449.8073625081,2026-05-14 14:27:12
1a3ecc71-86cc-456b-b0bb-1e32c14fa9be,4500472.44711774,2026-08-28 13:39:25
0ad33361-7c22-4735-8a95-7c2e65df39cb,7812939.227439215,2026-08-23 22:56:55
08a5ad03-3f4f-4031-b025-5b9dc5bcc4cd,2053453.5824847226,2026-08-21 10:26:47
c8b7bcd0-d020-4ede-9fa7-0e6bbffa749e,7246219.7595550995,2026-07-04 14:08:57
d17bd6cc-2195-4073-a697-9d0fa7c02a59,645423.9794863568,2026-08-29 12:59:39
15bd18ba-dcaa-46a5-851e-a1dbe06a46b2,9333707.276277049,2026-05-22 08:17:31
b417dee1-b8dc-4390-8127-8b8612ea7890,4518225.83,2026-08-07 00:04:09
03c61e18-0528-4309-aa56-587dbb8e37e2,6035003.071583028,2026-08-29 21:49:31
187666ec-26df-4b57-ab41-eac79ad8e1cc,305781.91566220584,2026-08-29 23:46:59
d4db5496-31bc-49e6-a420-b22acae9250b,8900627.28256398,2026-08-21 19:31:15
52dfc152-c8e6-4d4b-8feb-aa0edbfb491a,1168565.54,2026-08-03 18:52:01
4d59f68e-05ff-42f2-be54-eceb8329bd1a,718503.5370203694,2026-05-27 19:24:43
43a7320c-1984-43ce-b3e1-f6f7757ad703,517810.3289758369,2026-08-26 12:40:29
4a8e9dd2-6067-4824-b8ad-b1829381ebb3,9707594.660365108,2026-07-15 08:25:57
e85cc863-48cf-41da-bbbc-cb5d474f9205,5929564.746605686,2026-08-28 13:40:09
5f6bbc54-f392-460b-a4c5-ee2dba41348a,3546005.6632158905,2026-08-28 18:05:17
395c0d62-73c7-4d75-9bb9-d499b6eea1cf,8643818.007259758,2026-07-09 17:21:55
72742e76-3b6b-4cb7-856d-be2965b8a38c,1736420.1384811956,2026-08-23 08:21:36
a48fc1f1-1be4-4ba9-902a-d0197a0ffa86,2752608.395975245,2026-07-09 05:30:57
a1420851-cf47-4d72-a4ce-3160551a7dcd,7330151.549187489,2026-07-04 01:22:39
352aa2af-2b54-47b7-8f96-2ff2186b6a71,6752296.548653851,2026-08-11 13:09:56
242e3d71-1579-4c24-bffd-f8f197e9afe2,6157637.7522933325,2026-08-25 22:06:28
85fde9e9-7938-41a9-968b-c80f9dd23036,6564342.907302337,2026-08-20 09:53:05
3b808449-c2b5-49c2-910f-445dd6f34d9b,4934883.018777903,2026-03-16 12:45:56
696f9074-4084-4290-be50-a000c474e1c0,4579462.412946894,2026-08-20 02:28:01
268e81b4-d596-4842-967e-8c74bd92232a,7531457.594911718,2026-06-07 19:55:06
9946601e-90b8-4f94-b062-259e524a1652,4195440.867679552,2026-08-26 03:11:18
b0bde14f-44a5-44d9-816d-26d9df15e667,5304538.97,2026-08-03 14:42:27
7d1d3494-cb71-4efd-8ffa-1194c14a2a61,1571599.312834316,2026-08-28 23:32:06
a6ea0997-f5a0-4c0a-9021-d3fc7ff3e818,916400.6816738184,2026-08-17 22:57:44
7ba5a5df-b578-4277-b61c-7a2b5263f8e0,3703226.4243362965,2026-08-29 09:16:09
fe25371b-bd5b-4ece-9bd0-ad578e07d8fc,8537146.06599753,2026-02-19 05:50:04
b30269aa-6cfa-4ecc-9ae4-27cfebd5c149,2519072.3895519166,2026-06-22 11:48:45
037ce599-c1c3-43c4-a095-95a4602cf604,9547526.498385906,2026-08-12 01:04:13
2a8be289-1f19-497e-bf86-ad63851ab93f,5526918.039364753,2026-08-15 23:17:52
1d191f64-f8cf-414a-9ea7-e1ae7006a2c6,6540401.061128745,2026-07-20 05:50:04
2bb47157-7ec4-49d8-ac97-34c0e2b05055,3232669.020883441,2026-08-20 22:47:00
23ce37db-7cb8-449d-864b-789acd9b79fd,8553696.150134245,2026-08-28 13:56:51
4bf7e012-025e-4446-a63f-730d6b0bb457,9482249.766224517,2026-07-01 14:03:36
e3b93a34-9d77-49b2-9287-e5f485c14181,7277073.787441577,2026-07-23 14:50:20
243a7f53-2a7b-4a7c-a674-dd6b9055e085,2553122.649586285,2026-07-03 19:09:20
cd853347-3457-4c7f-af5d-b99c85f3cb12,4738722.59906325,2026-07-25 07:21:06
84f612df-5f0a-44fb-b6e7-d214f3b5f7d7,5439381.082688417,2026-08-17 19:16:38
efaaf791-35eb-4106-b67f-509578dc340b,4543424.19,2026-08-24 19:37:34
ff0614bb-b85a-44cd-bf2b-f0e4ed55169f,6195908.004548709,2026-08-23 01:32:58
d4541573-b70f-4392-863d-aa902a0b83f4,3268190.9782036203,2026-08-29 14:21:10
2de1bda4-6a92-447b-9154-00a60283a43b,4475487.65,2026-08-10 19:50:41
fa1b1bac-fe49-45a4-912a-0ef57872420e,3785859.886049112,2026-08-24 08:40:48
3303343c-300b-4e7b-b393-2fb84fd4c793,8713029.444028193,2026-08-21 03:09:53
982e2afd-77fc-462b-9ffe-37090fa4c293,1281438.19,2026-06-20 23:39:06
8f24da7e-a2e7-48d7-99b7-463f1117f840,8180983.138744559,2026-06-18 06:55:31
ed8982c2-039d-4d70-a0fa-7665584f218a,485664.08308387425,2026-08-23 13:46:00
e958c430-d21c-4643-88c0-8457464aea48,2265248.8412346123,2026-07-18 05:18:14
5e05b8b1-4e45-4736-bab4-eb77959fb841,3722576.81,2026-08-20 03:26:16
97b732b3-13d5-49ae-b3dc-d09ca8cc5023,1650524.41,2026-07-23 15:30:51
47ad21dd-3768-454a-bb0c-686a1a5ca752,1204580.95,2026-08-19 16:34:57
206faddb-1a31-487e-904c-01a1434fe133,1963638.838239076,2026-08-10 15:08:30
c41c233d-a513-464e-965a-693e85b69e95,6789299.908466182,2026-08-14 12:52:09
da786fca-c5a0-4501-935e-2c27548560db,4463004.9080217015,2026-07-24 00:25:46
ceab2f76-f776-44e8-86f9-09649ad28c4a,4343134.864235921,2026-08-29 21:16:44
e8c347d0-ab22-4d1d-9daa-c867df0fea06,5877119.433992567,2026-07-17 07:29:46
c88a9a74-00af-485d-ab08-8fcd35951ffd,6156805.55,2026-06-23 08:06:03
edf6cca4-1761-41ce-b768-d6aafd34d21e,534260.0530276912,2026-08-17 23:38:47
79b8023d-2a31-49ba-a4b1-7e4525807a2c,3325829.304172832,2026-05-17 09:52:17
f84791e0-e55d-42af-93e9-e07052c64562,3997119.04,2026-05-29 18:57:01
708f75a1-cea6-49bc-82ff-1dad2310c9fb,6261184.871760753,2026-08-23 23:12:40
4d747649-53bc-40e0-b8c0-9d8baa3319bc,630703.3289336184,2026-08-15 22:51:22
8f65abf9-3da3-4aca-9e07-24a8c28fd8cb,4006821.703687094,2026-08-09 21:14:38
b4cc7214-62b2-45ad-861f-98b160975bc0,818018.7633871102,2026-06-23 23:50:22
85a0daf6-d6b1-4a8c-8fcf-9f895ae0bb5a,7539484.595697011,2026-05-08 14:48:24
9afa3fb4-e21f-4167-9404-e49287db0168,2348528.2379928655,2026-08-05 05:31:18
a23ebe36-f20b-40c9-aa86-9922f4927b35,9650334.856934752,2026-08-24 07:20:42
c9f99d37-b1f2-4ebf-bd76-c495710fc415,2694630.5366747216,2026-08-07 18:11:53
e656cfbc-8ed2-4e16-9ec8-0917af744001,6306550.768953806,2026-08-17 14:58:34
0679c4f2-2d92-48a4-9922-5b53a6ef8273,2792871.346973898,2026-08-06 01:29:57
ab87aea4-c54f-47ad-b750-bfbbdaf9ae1b,2960684.9749489226,2026-06-05 11:52:28
9df20554-36ba-4892-ac90-5f13ba7e6b51,2996482.1530739213,2026-07-28 06:48:31
f07cfca7-ebac-48e1-bf76-61bbe054dba1,199206.43783452729,2026-08-20 22:56:35
eee5b33e-2dd3-4f8e-9fcb-f48261e8baa5,8093607.155629708,2026-05-23 17:11:35
86a81b2b-5c69-4e49-b12c-31263222504f,108652.92209491086,2026-08-16 17:00:28
5415668e-4f75-43d1-9610-7189016ff44c,3385155.65936141,2026-04-21 06:12:50
40f66fde-ea72-4584-9e6e-187ae939f790,537131.2070989294,2026-08-27 10:20:56
45e526e1-9b55-4178-8353-9b9aebeb9d98,6860913.707044304,2026-03-26 14:52:41
7a8e5e5c-a444-4040-8663-3755a5b01639,9456534.475989932,2026-08-28 14:48:18
b44aad77-b20c-4a3f-bee8-acf10b3e2b6e,1538806.4150646352,2026-07-26 05:20:31
f89cad3f-0ea6-4dbf-a011-b8d84630419c,9141292.40261391,2026-08-05 01:08:19
b7d0c829-dcf9-4680-87ca-07d8d2c57940,8611762.979541546,2026-08-18 18:28:48
7458d92c-a1da-4c7a-9b88-26edff4a9185,8625567.03718648,2026-06-18 06:25:19
dffbdc2d-bffb-4e28-b933-ea492c7c4106,4704733.398431663,2026-08-26 18:18:03
5e99c568-09c7-4e3d-9a98-5b74ceb3c70f,5858559.14620064,2026-08-10 05:21:32
27379316-b69b-4391-a4ee-8f519ce85b7d,2961502.560483997,2026-08-29 19:15:27
d9d76878-def4-4b39-ad49-d235bc775a20,7667596.285888374,2026-04-16 04:24:31
d8868de4-d585-4f0b-ab69-1bd21533fe82,746640.391932718,2026-08-25 21:54:24
8b490e26-db9e-42e6-98f4-26dd5071ce94,100973.2343591167,2026-07-11 15:32:34
a7b4f9c8-31b5-4fb0-9a42-698bfbc053a8,481189.27031217597,2026-08-15 02:58:58
d6578ecb-5529-485a-8444-c6f1bcc9c2e6,7746611.928818025,2026-05-29 01:36:12
e7dd93a5-2b51-4424-b595-459de5d20eae,8882847.458438357,2026-08-22 02:22:01
842ee348-5dc2-4d9b-b1bd-b57bb8dddfc2,8587485.259781232,2026-06-17 15:44:34
6a97cbce-6736-49ef-aa1c-5dcaf0c7915e,9496644.635252783,2026-08-23 01:32:51
10a0e260-0fbd-4062-ab6d-9aa8aaefdbe1,4635971.812496929,2026-08-01 12:44:02
25c37945-8063-4ce4-82e4-1a50d33650db,6395728.54573935,2026-06-18 00:07:25
0b64e782-7182-46af-ac2e-8ba0157ef914,5163010.515759995,2026-05-25 09:37:11
8166356c-b04f-4ce9-b2dc-ea5b9bc88efe,4925700.780376203,2026-08-22 04:30:03
d79570be-bf30-45c3-a2a3-00712c47a51f,3336730.8896499933,2026-07-25 19:40:22
59c67a52-8f80-41ef-8615-575c4fa87a65,3096902.725331896,2026-06-15 23:33:31
d60b04a9-9173-4d93-b75c-4f3057696e2f,2348410.970825921,2026-08-26 21:29:44
7687853e-ee26-4c95-90f1-c7ee160a5654,603759.8587306456,2026-07-18 05:36:11
2eb86221-172f-4d9b-ab02-c6611dc35362,722961.7515176932,2026-08-24 15:36:31
a06a7de4-9755-428f-9147-c3ba2f875748,5118234.334215519,2026-01-18 04:35:23
02ac1c61-c9ea-45b9-ab59-97f2c447ee3f,3149973.709337136,2026-06-19 06:40:27
14ce6f0f-75d9-404d-9fe1-2b57a3506764,2477686.7307826593,2026-06-21 03:28:06
a46ee99e-ae4e-489f-9659-d69f4ecad266,3389111.2611415214,2026-08-28 17:01:48
bf5628b9-30eb-4400-9d55-8095e6c75732,4657715.008339556,2026-08-20 13:34:16
b4b6c702-611a-4d79-8da7-61fd4f7c1491,7234154.332272301,2026-08-01 12:23:58
90a67567-23f2-468f-876a-25332d91ac23,888429.277252432,2026-06-29 08:33:07
3030d7f4-d5d4-499b-b9d8-8a1469fac666,7285594.0978647,2026-08-29 20:08:51
fab1fa12-2d57-47a0-b300-62f1e2318ce6,8752227.48666731,2026-06-08 09:10:28
43b93b02-7089-4400-b293-2bfb42650798,7722452.921965567,2026-04-14 15:59:45
5d15c129-9425-4e90-9aeb-50557d692580,3798827.938818813,2026-08-04 07:16:07
731dc76f-85e6-40fe-a44e-b3e1c5ba136f,3007203.099121209,2026-08-28 17:27:54
09673567-2ba4-49e6-94ec-494fafe1d845,7786948.350573276,2026-08-17 18:27:11
89b702ed-27dc-4b65-a2bb-f84c95d12c70,9406079.112522345,2026-08-26 20:13:01
6f110436-b3c2-4ec5-be66-c4fa35edff38,9114337.516115084,2026-07-02 07:39:05
cbd8715e-ae98-4722-8f97-b016a560c775,3979032.0572484722,2026-08-17 12:00:07
35f1e04b-c5fe-41d6-8365-d2cf173be226,7977129.375141768,2026-07-29 06:46:24
080cfaaa-42c6-4c42-b7ba-69f137df8dfb,2907877.36,2026-07-18 10:59:38
2fb9950b-a190-4a44-a888-7521845c10ea,4678097.41,2026-08-24 10:00:50
52af891a-9639-42b7-b79d-7db423caef2f,9533297.609265111,2026-05-29 03:04:20
96a0c726-a886-49fc-a0be-b85d9053317b,9457108.57555364,2026-07-06 09:28:39
a125151b-1ac7-4a5b-b387-a11d5286f977,5049207.116897816,2026-08-22 21:24:23
28a3df6e-0205-4f80-a6a9-8352de8c5a13,8427322.417047266,2026-08-25 02:20:21
a5db8ca3-5630-4021-95af-b78379ba19db,869099.4580161512,2026-08-15 21:43:55
4e681465-5ba6-4f73-a9c4-1f0d2fe68a52,516133.0617644666,2026-06-13 16:22:10
c0860861-2fa8-4aa4-8bf9-a66d7782e83f,6725980.196333011,2026-08-15 19:24:17
74d99fb1-9dda-4e36-8f29-21017062dff6,2281180.97,2026-07-27 21:05:42
bb1fdb98-6f5a-481a-b1ca-a64c93727484,2044384.8226675193,2026-05-30 11:41:47
40a8bd6b-3e5b-44af-9587-57a3793c04f7,7176143.584194671,2026-08-10 20:34:21
7b88e4ef-567f-4096-99d7-54775f8b00f7,6940233.562801506,2026-08-23 16:51:06
f884195d-0a45-444d-8cd8-284766b1f859,3686535.6484259143,2026-05-17 07:14:37
ed486d9a-e69f-4f78-af4c-113dc35f4e12,8290184.2392567685,2026-08-02 04:44:31
c6299ca6-6d07-4774-abc5-bcd41b9c67e0,9279439.717000432,2026-08-16 02:01:41
97d3d50e-6697-4f77-93d6-40ccf4382911,2337030.5981107624,2026-08-24 05:16:18
ec1f5d97-2a98-4090-831f-d30229fd9b08,1278270.9002135622,2026-08-12 14:39:27
b297fa7f-f719-4e43-98cb-3cb4e2f7e7ea,1277346.9704929043,2026-08-28 22:24:58
9167adea-f8f1-466b-b395-1a4532ce6a3d,177890.10885411786,2026-08-25 18:50:14
55492107-a9d5-40dd-a140-867223b97f36,5848085.427571207,2026-05-23 06:22:57
caf91924-4f2c-4cfd-9724-5dacf8673a5b,9180726.752446596,2026-08-19 20:34:53
655fdaa5-756e-4fd6-989a-2b88cd2e6c8b,4832073.37,2026-07-19 12:30:51
25c1f899-a89a-42c5-8037-42ae75e913d8,4524816.041601624,2026-06-02 20:21:48
4eba12da-4d20-46cf-ac0c-ad5ce2095271,1820587.991863701,2026-08-29 17:13:51
340ce8c9-db96-4db1-bc76-86e52f4187bc,2870672.3864878197,2026-08-22 20:19:06
2775957e-3ea6-4a65-b960-df1f17152d76,538743.4317084263,2026-08-06 23:43:22
5fcf5c27-c68e-47b0-987d-b9478e2b4d2c,8076468.503651114,2026-07-27 14:57:42
1993edfe-583f-497d-a8c9-d68c7a3338e0,3445296.84110201,2026-08-26 08:01:44
b2e33ad9-64e0-4880-afd1-3c738cc19913,1912374.7883610642,2026-05-08 13:57:59
6054a51c-ab1e-4d74-b8e9-0ae9e9af6d28,8703602.08615639,2026-08-24 11:27:13
c357a620-3e24-4711-b4cb-1a4276a6e2e6,7218674.236529824,2026-02-19 11:46:23
c356dee2-517f-4316-a0e5-886663380b42,8711755.198863782,2026-08-14 00:52:16
e5e4b935-53bd-49f9-85f4-656a665ec4dd,4485990.140177161,2026-08-27 04:26:45
df683491-baf9-4a9d-acbc-63edd1ddd3e6,7554664.990315835,2026-07-20 10:45:11
12581998-88bb-45bb-a4d3-609098d0fc61,2947735.55159576,2026-06-28 02:55:27
f860b58f-bd8c-432e-ab7d-09b27d01d706,1603568.4521778165,2026-08-03 00:47:47
2d9be542-9bc8-4ea5-a2b5-e74d38c0f0c3,3153671.629650459,2026-06-30 22:39:27
805f6a69-5700-48c1-9cbe-693e5e7f78d9,3532903.03,2026-08-29 06:38:02
c06e6481-9963-47aa-9c4e-166200684d9c,2152974.290740512,2026-07-29 14:18:36
3ae61863-a544-4d55-93c7-f140ea224efd,1832387.507021465,2026-05-03 14:10:42
361352a0-0b53-44e6-b01e-d6897ffcb3fe,4588265.676013477,2026-08-15 00:16:19
62522f26-56ef-46a3-97c5-0a7c6f766a77,1207104.1685954346,2026-08-28 11:00:11
48f368ba-2697-4497-acfb-6acc2e0c5488,4346088.615832683,2026-07-20 04:05:59
7b0c036b-d23f-444f-acde-afcd63065765,2909032.9297514036,2026-08-23 17:11:22
6bf6f2f7-f47b-4fba-b561-174742d22c74,1756866.047420466,2026-07-30 14:11:12
58a64190-1527-4d08-8e65-050b77052c84,617978.7031382453,2026-08-24 02:13:42
dcca9a71-a7e7-4139-99f5-af3cbb904dfe,8402969.929948358,2026-08-22 05:11:36
292fadf7-0321-44e8-8e92-05aecdb5782a,1157218.0912841684,2026-08-16 22:57:05
624d2ff7-81c8-4068-931e-5f8920f5128d,1996529.1706882312,2026-08-25 13:49:32
f5bd62cd-a760-40e7-bc73-a16602f77979,914173.0482264807,2026-08-20 15:22:33
0df473bb-c577-43a5-ac26-257766d6089e,4723996.170092708,2026-07-02 10:23:22
a25580ef-bdf7-48f0-8236-d2f96ccb9163,3219795.8,2026-08-10 09:33:36
e88081f9-cd6b-4aa0-8e9f-bfeb9a87e44d,3115590.961883049,2026-08-13 09:00:59
793a650c-c7ef-48e2-9f71-7ac680871ba9,6444542.948747142,2026-06-18 15:51:01
5d679515-f8c5-4f5c-88f7-57fbd81b6bb7,7328988.04104611,2026-04-13 20:52:36
6c8f8833-fb11-4ab6-adc8-6df8c9162eb7,1957651.343687643,2026-08-22 19:18:15
acba60e2-decc-4aea-a22b-3588c275da34,8830321.67284372,2026-06-04 21:05:54
f2bd509b-564d-46b6-81c7-ea8b267fc6ec,8010288.370923056,2026-08-22 02:32:02
d015f623-83d0-4e33-b296-c4c04201938b,2135617.7471439173,2026-08-10 00:36:36
6f54d2b9-747a-4ecd-9f48-d6faba45e0ff,7432156.41,2026-08-27 04:35:28
1f1dfed9-0a33-4eef-881e-67f376fab828,8187369.9184336215,2026-08-29 07:55:11
0cd19e0c-5dfa-4933-b5d2-fda97d57d424,6577022.972287178,2026-08-15 12:54:53
accc8e70-5663-4490-acfa-d76f40987d5c,3530615.593217311,2026-06-12 21:19:01
8af190cb-0606-45bf-91b5-1519c44f376a,6837696.968758305,2026-06-10 07:24:04
a2cfc32d-4c34-49de-931b-1e76725f875a,257054.01329537877,2026-08-08 17:55:31
bb5e14d6-5b74-4fdd-9c97-46949884f76d,9780203.65,2026-05-16 20:26:47
20451dbd-1835-489b-88f4-ca541584184b,624464.106792325,2026-08-23 12:38:35
e489149f-6e5c-4ae7-be52-c22ca2070bf3,4965321.966958748,2026-08-13 01:46:15
b061c6ff-7541-42e8-b8cb-57ff586b3c22,1575029.403021024,2026-08-29 22:12:40
d5bd2de2-e751-4ccf-9358-a5d7eb34d8de,3390201.906555895,2026-08-29 14:25:11
755afc3d-91ae-457c-8607-f228d20b58cf,7743566.329604259,2026-08-11 22:56:25
09cd33a6-5f6f-43c5-939b-4d731397df7e,6661347.397584914,2026-08-28 05:56:49
b94ba015-fa12-4797-9bfe-970a25916ffa,2884821.463428853,2026-08-24 18:04:54
19e32dbe-e1cd-4b70-8ffe-7547a347cf55,200950.47263672628,2026-06-04 19:16:45
b9b3c0ee-faf2-4e80-833b-de7861c50cc8,935164.874478184,2026-08-21 05:21:12
a301767a-ed6c-4e79-9678-46331429ef31,2888632.4957894483,2026-08-29 20:34:36
6696dea0-6c2a-4b89-8d4e-f3fabfcff645,2678575.4984327084,2026-07-30 04:56:12
bf2c1fd1-f34a-483d-af16-0f3d05baec78,7705715.644641698,2026-07-18 06:37:22
be209925-a724-47a6-b8ba-61b841c17233,4849655.0389214,2026-08-28 22:16:36
e98f8c8a-d63c-44c0-944b-e8bce2076595,5772594.876773723,2026-08-29 02:30:32
cb2c4e21-1dce-4e8c-b714-bab76ef59d48,7977129.375141768,2026-07-29 06:46:24
feb2f904-42cf-4e6d-9226-2ecf310f8eb5,7336027.3616482,2026-08-08 20:46:45
8a063bf5-8398-48fc-9d96-bf5e4d9e9bb9,9406079.112522345,2026-08-26 20:13:01
b1bad5eb-3e66-4eb8-8b31-7618daafb63a,9143118.696803996,2026-07-31 23:33:20
92c62630-5fcd-44b8-8c80-33f0cc884185,5277714.819407385,2026-08-17 20:51:15
ef7b80f1-c2be-4bac-b717-f44b79112e22,3233934.2827377077,2026-08-20 13:11:48
b0595815-bf32-4bc5-8658-6cb26fdbab51,155386.7104295112,2026-08-06 10:01:07
80667038-46df-443f-af8a-eb01c73f41d2,6701590.979055836,2026-08-19 02:32:12
660f475f-9ac8-4b74-8bb5-c276abe377f3,3336730.8896499933,2026-07-25 19:40:22
48f006a3-ad9f-4e53-ae67-1517e8e52412,5981024.922669174,2026-08-07 23:38:53
3506e337-683d-41a9-814b-069c45ce5149,673910.0579896589,2026-07-11 09:35:47
a83f18e2-6a11-415a-8834-777604cac3d1,9131561.321211483,2026-08-26 19:16:16
76628c4e-445d-4a87-8657-3d382138681b,9141164.777400786,2026-08-28 17:49:37
a285f766-f9d4-4d34-8a4e-5cc5995d455b,8899439.894328458,2026-08-28 06:22:33
398e1dc0-38a8-4b55-98de-abfe5172e4f0,6789299.908466182,2026-08-14 12:52:09
38973d15-5319-4080-b581-94e004a06d55,8256720.6101747155,2026-08-25 18:12:11
ba68f429-49af-4000-9c83-cfae10501d65,1665706.3211590296,2026-07-30 18:06:34
75ecc661-d3b4-41d1-9bfc-24bdb647d58d,3878862.9052611766,2026-08-05 19:46:00
98610b0b-a280-460f-abb7-3dac96818aed,5929564.746605686,2026-08-28 13:40:09
79c11c4a-6398-47e5-8a9c-fc8d5429179b,2909032.9297514036,2026-08-23 17:11:22
57cb9e5b-0337-4b0b-8ec2-9e07ee0c2303,8140803.66618611,2026-08-29 11:57:30
d297cb66-58ab-466f-91d4-1c6a57314c46,29223.0,2026-02-28 22:40:45
7fbccd75-be19-44aa-9ab7-12f6764231c3,13904.0,2026-07-26 16:50:23
63db0dea-ac48-4eaf-ab85-ffb7b29e2126,16857.0,2026-06-06 11:39:23
92419671-da2f-499b-a923-895d08429e20,5251.0,2026-07-08 22:52:03
15458478-5865-4721-bc25-7ff18fb30b07,13702.0,2026-07-25 16:09:10
c03832d0-4ab4-4a29-8dd5-16c85e8354da,20765.0,2026-06-25 08:16:38
27e9184f-0791-4b35-b7a6-3918acac1f3b,41051.0,2026-08-16 04:00:25
909cca67-5a04-4fb0-9fcf-d7112aaf1966,28380.0,2026-06-11 07:44:35
c05afd94-05fe-46de-83d3-1e5cfeee7138,18704.0,2026-08-05 02:23:30
3c168418-fd5b-4f20-bda2-3e1bbe7a3168,24694.0,2026-07-28 18:43:38
f2e5cecf-9b6c-4494-a0e0-b67321b6eb84,8193.0,2026-02-07 15:55:02
fdfc4a9d-3618-487c-b7e2-dc86654fda31,7350.0,2026-08-10 15:43:44
28bbecfb-dd69-4596-adba-333f4a12c64f,48233.0,2026-06-05 18:40:36
c053f253-5a1e-490d-a894-844f8cd1692d,14370.0,2026-06-12 09:43:12
51c46d6e-4764-4956-9968-5a3ce6847984,23901.0,2026-02-11 00:37:29
