payment_id,truth
bdd640fb-0667-4ad1-9c80-317fa3b1799d,MATCH
0822e8f3-6c03-4199-972a-846916419f82,MATCH
b74d0fb1-32e7-4629-8fad-c1a606cb0fb3,MISSING_SETTLEMENT
de8a774b-cf36-458b-8737-819096da1dac,MATCH
f50bea63-371e-4d7b-a7cd-813047229389,MATCH
9a8dca03-580d-4b71-98f5-64135be6128e,MATCH
60e7a113-ec1b-4ca1-b91e-1d4c1ff49b78,MATCH
0bbb2599-11ce-4dd2-b45e-d1f03139d32c,MATCH
47294739-614f-43d7-99db-3ad0ddd1dfb2,DUPLICATE_PAYMENT
4458a885-ab90-49a4-b5a2-40ae5af30553,MATCH
baa80dd4-88bd-4407-abcf-be01a28defe3,MATCH
d7c524a5-5304-417f-af42-e12f3838b326,MATCH
3602f8ac-10f1-4c81-848a-aa9e66b2bc5b,MATCH
e27a984d-6548-41d0-bfcd-9eb1a7cad415,MATCH
89fa6a68-8fb5-427b-beb7-99193f22faf8,MATCH
ff5e9ff0-ff50-4de4-b825-67b85cabcc97,MATCH
cac5b68c-28f4-4481-a0a0-4dc427209bdf,PARTIAL_PAYMENT
877409a9-77d2-4e02-bf01-cf99988c24c9,PARTIAL_PAYMENT
c0398710-8976-4334-a281-7efdae849217,MATCH
00d4af59-7427-4ca3-a87d-06ca6f4cc69a,MATCH
e9a1fa6f-81f7-4d1c-adbc-2134c30ff46e,MATCH
c333e861-5fb8-416c-a720-797d32ebd689,MISSING_SETTLEMENT
04fc6d82-7d15-4385-92fb-e43b99546eb4,MATCH
913e4de2-e0c5-4cb8-bda9-c2a90ed42f1a,MATCH
c40db9b4-885f-4e66-82b6-d2c5fa5d3100,MATCH
9b49bd26-df57-459a-8715-a10343dac043,MATCH
fec21bbe-6624-4bfa-8fcc-a39ab683d2e6,MATCH
1064005c-3985-43cf-bf76-be1d1efa2197,MATCH
b535106e-122c-4a56-81d7-425638602ab6,PARTIAL_PAYMENT
474a493b-3ced-4f2d-839f-bc501223b513,MATCH
c8dcd19f-3e35-4128-b900-f7f993829b43,MATCH
6c6fa611-5ab3-4edf-ae59-5ed3a8b317fa,MATCH
56dc8907-ba6c-44ab-a712-303a0f844fef,MATCH
6c006f61-23e2-4cb4-b2d8-567d894a05e4,PARTIAL_PAYMENT
8ce21ea3-db20-456e-9c81-5fe7ceda8bbb,MATCH
c0e9ab30-ed26-42e9-97e0-11b7f8102383,MATCH
e7067ef4-66aa-4385-9d59-ba7136b82481,MATCH
747b6dba-c8fe-4ccd-88b8-d9c6ed3049cf,MATCH
37bb3eec-4bf5-4b52-b09d-258c27a0c3d7,MATCH
0cd620c2-0ea2-422b-9048-67babf7b539b,MATCH
14822f53-8201-4c62-b5f5-9b220e8fa8e0,MATCH
e3e9de99-f10c-418b-9eb0-e38a675dd5af,MATCH
956b8c0c-a849-4b92-ab52-52e314fcdd54,MATCH
3d1a85dd-506e-4a9a-b758-588dab73295b,MATCH
ef8c485b-c07a-40f2-add4-253b50f0fd0a,MATCH
8181a8cc-3691-47eb-89a2-688b12c136e0,MATCH
702cdd20-2862-48b8-88f4-ef125e9953d2,PARTIAL_PAYMENT
4ca415ea-8dfa-4a56-912d-bc9aaaf91531,MATCH
be0f051b-1b66-45a9-a3c4-36571d8cbbac,MATCH
da587e8a-a25d-4b29-afff-cfd2341ef40b,MATCH
46d483f3-d450-481c-ac6f-7633a2607723,MATCH
8d3aed99-711c-41c9-bdc1-4f1f295d6fbf,MISSING_SETTLEMENT
e767dcea-b0e6-4969-a213-42b0f1eedba3,MATCH
20a04502-6e06-4097-a5e9-79778d7248e2,MATCH
aabc25fa-3fe1-4e47-ae9b-ec3635c7936c,DUPLICATE_PAYMENT
ee0caeb5-ecfe-4b99-a790-cebdbfddc3d9,MATCH
ecab3301-bc8f-4d29-adea-94930658663a,PARTIAL_PAYMENT
1bac27a7-b386-47a4-8991-603f28c13091,MATCH
75d66ed4-eb1f-49f2-910b-d1d033173470,MATCH
6601ddd0-3170-4437-a8f7-ef5a060edf5b,MATCH
adf4e62d-6651-429e-8268-690ba43825b5,MATCH
2db69edb-42de-4fcc-b86c-2ca2e08596db,AMOUNT_MISMATCH
ba81edd9-587e-4344-af3f-920c98b8e4cc,MISSING_SETTLEMENT
30a900ad-939b-462d-a645-f129629c2ae3,MATCH
afd5dea5-89d7-4d6c-8e77-7f00ecf27e76,MATCH
aa0b7b14-f2e9-402d-91e9-cdaa6e6981a3,MATCH
688c7015-aab9-4e49-8f2d-479681d2c7de,MATCH
f0bbac67-aa38-40a1-aba2-5efe311c6eb6,DUPLICATE_PAYMENT
8c459ce2-67f4-4ad5-8d0b-0d1a91b0e1d9,MATCH
a79ac9aa-9b4e-4c24-9479-e1e6c9277d9b,PARTIAL_PAYMENT
f5b78cc7-e6b3-4944-8b32-3e357922bac2,MISSING_SETTLEMENT
9e87e04c-a208-4977-a9f2-533683f4a9a9,MATCH
25b8fd4b-32fa-4de8-8e7a-e7f639820cff,MATCH
74962764-12a4-4ef0-84bb-b7a9d98868dd,AMOUNT_MISMATCH
25c73c44-3e75-43b4-a64f-a6637e8f8095,MATCH
f53d4330-cdda-44ba-ad06-e8cf3805f907,MATCH
74daaebf-1f11-4b76-992c-9227eadf5085,MATCH
c1581092-f335-4ba3-913a-7052986f9025,MATCH
722764e6-8c41-461b-a827-a1b9d4a02e53,MATCH
d701410d-3f4b-4a70-8074-718e425a609f,MATCH
709b7d97-464c-44af-bd3f-3799a07295e9,AMOUNT_MISMATCH
14a0bccb-8a47-4a87-a49d-681d51d87c64,MATCH
54b4a482-6858-4eba-aa34-c85410714d51,MATCH
95863a76-c511-45ff-a7a3-7e8163b4c08b,MATCH
5a0cdd7c-f157-4470-8182-67c47a1b5806,MATCH
ccc42903-8bcf-43a1-bc10-fa52bf5d2fdf,MATCH
638c254c-076e-4bba-bc53-08bf6f92f25e,MATCH
20ac3703-eb67-446a-b7a6-e17cd72b6108,MATCH
157d94a1-06f0-48ff-a9ba-5a27907bfe36,MATCH
53cd6268-610c-4373-8299-9aa40cdf742b,MATCH
6bebac31-d4f8-4d72-b382-1cfdc083b73a,MATCH
59970043-f3b1-425b-bff9-f5850d557b61,MATCH
d6d7b3b8-3309-4d35-bf4d-f561f319c125,MATCH
f2a03459-9060-4f62-9d48-a071ab61a7b1,MISSING_SETTLEMENT
bf780e3f-f6b7-41f7-9b74-92459b1bc895,MATCH
edcb8cb6-0692-4c63-9424-aed51bac5c15,MATCH
13748146-32c5-4d89-b70b-3420f1043785,MATCH
d9acd158-4d34-45c5-85c1-4eb4b27b3d90,MATCH
a9597663-6daa-4e68-8861-fe1858e25888,MATCH
7d7ddbed-d284-476c-ab88-f83dd97dc9cd,MATCH
859131d2-bbda-4242-ad17-4fc96f7c15ea,AMOUNT_MISMATCH
bb2488a3-d363-47b6-af81-cf4f7701f7bb,MISSING_SETTLEMENT
3e6dd58b-7367-428d-a1b2-94de4767d76c,MATCH
533420e6-d9d8-4b8d-be8a-dee70758e201,MATCH
b380c73a-989d-4d4a-a15c-a6664797b2c9,MATCH
680bac63-b856-4035-bdc9-829015eabb27,MATCH
17d2582e-046a-4df5-8afd-a61372bb912d,MATCH
79279973-5e78-4fd7-94e0-d3baa9f948b2,AMOUNT_MISMATCH
455ac762-7428-4656-b3ee-4d3b5a104129,MATCH
f36cb62b-892e-4161-be2d-740a1e9b23bc,AMOUNT_MISMATCH
fa02eaec-96ef-4ad6-b97e-670346c8adfe,MATCH
2defe193-5c62-43a2-ba3c-563e4bd6cee6,MATCH
8da8eee4-0df5-4ac6-b96b-648a0ba6eab9,AMOUNT_MISMATCH
48ca7651-92f5-4f7b-8323-d342df6a8f93,MATCH
7a4c75d4-dc99-404c-b0e9-8b3b40a26c60,MATCH
0db95301-afbb-411a-a123-5a8c93b7a886,MATCH
8edddfcd-1e52-4770-bf89-7142fe716b14,MATCH
715629ee-e893-4e3d-b354-ea6f61607459,MATCH
9c10c572-0f6b-40d0-9efb-a58b9191b363,PARTIAL_PAYMENT
2834e4c0-14c8-43b4-a911-d19243bfd931,PARTIAL_PAYMENT
980402a2-b07a-4066-b354-35ea68949b8d,MATCH
1238d630-743b-45a2-9c0f-2fcfb3f6fe0d,MATCH
398d1ca6-8b68-40b5-9d61-fac36cd5e859,AMOUNT_MISMATCH
4ebfa5c3-cae9-44a7-aa79-ea680f44704f,PARTIAL_PAYMENT
4dd8eb85-b04d-4376-b7fc-97031fd5a423,MATCH
9918ee46-1497-4658-b010-f7197e695d0d,MISSING_SETTLEMENT
3a9aca5e-1761-42ed-869f-14f140181c6e,MATCH
c3c75611-ffe3-4a49-854f-92fff366bad4,MATCH
7135f221-a6c9-437f-84da-d06a7872bdeb,MISSING_SETTLEMENT
f8140102-7de1-4dfe-9072-5b5ca2814044,AMOUNT_MISMATCH
292bd156-db94-4570-9ac7-0ec0ab8ddeb4,MATCH
0964fbbf-8cd3-41b0-82b0-1cfdd045dd1c,MATCH
dd6ac7b8-6778-443b-85c5-b37af85e06a1,MATCH
84b871bb-3005-48d2-8de0-51a669ca97d2,MATCH
218a1536-8c99-4894-845d-cc38341c6494,MATCH
9bdf0377-a149-43c2-b920-264c0763fcd0,MATCH
17dc8eff-6872-43f9-8d60-593603802b70,MATCH
d50755d9-a5d0-4d53-9e12-42e3f27292b6,MATCH
d5b077e0-6a5d-432b-85ff-2c83b495db4e,PARTIAL_PAYMENT
ebff8d15-30cb-4755-a232-b17a25074181,MATCH
dabac50d-ca3d-4859-85ce-099c46b82659,MATCH
b9de7a3a-4868-42b9-80a8-1de9d20f87d0,MATCH
585a0afa-7bfd-4c12-89e0-6ab37250ee18,PARTIAL_PAYMENT
304b8590-de9e-4757-9260-001eeecf67d2,PARTIAL_PAYMENT
0b2c782a-6928-4e92-868a-152fdb23aa8c,MATCH
d21c82f8-cada-4f80-a9e7-82d4fd08b32c,MATCH
54fd9ad3-9716-408e-b721-69bb80962718,MATCH
03edd1f8-74f9-4d17-a912-b4bf86a4bae4,AMOUNT_MISMATCH
43d88870-f81d-4aa1-8812-0a8e78308930,MATCH
889b78d5-dbfd-497e-aca2-b148da330aa1,MATCH
3c19e71d-1184-45ad-9e11-d2cd0930aef6,MATCH
c2a79689-1933-418c-ba74-57616f18c108,MISSING_SETTLEMENT
0769165f-e746-4cb9-8ca9-cf07b1aa0f6a,MATCH
3e83b91f-2544-4fe0-ae41-7d475ff595ea,MATCH
deef580f-9c07-4751-9437-45092cd1586a,MATCH
a34db7c5-760d-4bbb-bb70-b3a124a35cf2,DUPLICATE_PAYMENT
8beddb12-ad77-482f-89a2-3a89e6b5a92c,AMOUNT_MISMATCH
6c9f82b9-f647-4986-a391-7c994c955f6a,MATCH
7bb38605-da74-4152-a27b-41a1ffd6f232,PARTIAL_PAYMENT
4b943e30-b303-4438-be21-10d04bbe4aff,MATCH
af908e3c-dd75-4e98-90e0-b95f0212b554,MATCH
9b689c88-3ae9-49fe-8c82-18dac696f5e6,MATCH
b88ec318-c16d-43ed-ad81-f8bd402913ec,MATCH
0a17991e-a576-4411-a0a1-1839e7457704,MATCH
e8dd5e5a-1712-4b16-a1a4-344fbb7bee03,MATCH
e05fb8bc-8a16-406c-8958-e75e21d53971,MATCH
f1b64afe-d31e-4f1a-a9ff-1cae41c8ca8c,MATCH
2408a6dc-1346-41a9-b680-2cdb77e490c7,DUPLICATE_PAYMENT
6502d6a2-ca6a-4224-971e-16cc5da36f1b,MATCH
431d029f-ac1e-46d8-bfbf-397bac3e7b0d,MATCH
066803ee-78b2-4549-bbdb-c09eacc216a0,MATCH
a2a9d4d8-102e-4de5-a5cc-8bf738ab854c,MATCH
f23e323d-0b9b-4934-a3c8-6d301dde7969,MATCH
22bae10e-899c-4782-a323-6d1a3c1bdacc,MATCH
278ed00d-ba02-46ef-be05-5787965befdf,MATCH
479d0cda-f396-4a37-b065-c817687a4850,DUPLICATE_PAYMENT
5cd8fe1a-dafe-48a9-bc71-e0bef3579560,MATCH
30974b2b-46a0-4a9b-a5ec-7acd0f8035f5,MATCH
a3b5cece-a446-4e72-b64c-911aa9ab364a,MATCH
90882eaf-c977-4598-a03c-8c25fd235def,MATCH
dea45c19-d024-4d72-b748-967f961d33ba,AMOUNT_MISMATCH
250a4578-fbe9-4499-9bc0-80fd46fb7bf3,MATCH
21bddb41-0699-4731-9dcf-8766a93b12cd,AMOUNT_MISMATCH
43ef2016-2c9b-462e-840a-3aae52e2afd9,MATCH
72c22a16-79eb-4168-9045-56e5bee3eb79,MATCH
9d77a45e-f206-4269-b8b7-7c0780fb9296,MATCH
07f97d05-f6ca-4b8b-a4b1-f99175424646,MATCH
b65feea9-7d82-4264-9ba3-62e7afa415e5,MATCH
204e178c-10d0-4d11-a5f9-34bf9bb96155,PARTIAL_PAYMENT
87d292a6-98ee-4c2b-be9f-ecaa6182f347,MATCH
da509fed-1d4a-4d81-b3a7-d0e0cb08587d,MATCH
3a7e8e14-e359-4ee1-b399-1a476e191042,MATCH
6d4067f4-5003-4b35-9857-8bafbac7e2b9,MATCH
15da705c-d4ef-40aa-975a-81ec112fa612,MATCH
f4e559e5-9622-4348-8f5a-e9d38e6e5003,MISSING_SETTLEMENT
f0ede303-aa53-419c-9fa4-bb9f5a856750,MATCH
1a85910d-5a05-4c11-8ffc-a6b199b479d4,MATCH
d86a6460-59a1-420e-9bb4-3332d8e7012f,MATCH
d85c16bd-6dda-4f8d-8ea6-0f4c39e58ff0,MATCH
d4578ad9-a867-4096-add8-77c89be71737,MATCH
01902620-59dc-4bd0-96fe-bfb9ebe9e207,MATCH
f8c88fae-a217-4f84-bdb0-25ff2451e5a4,MATCH
284bf962-5744-4596-b422-21676b7a2460,MATCH
27d415b6-0d77-45a0-a222-b6a615bfbe97,MATCH
7c54535f-6c8c-4b6a-a974-d079716fda0a,MATCH
1c6345ab-6e0e-41e8-985d-3f861d2324e6,MATCH
3873e57f-0ba0-48e8-8ef4-92c1aac93316,MATCH
c47104c0-3613-4e15-b200-c2614d29d1ab,MATCH
6e3f683a-bf3c-4140-bf54-a51101fa964e,MATCH
ce6322b6-ab05-447f-9556-b37d8f0881ee,MATCH
13eecdc6-ebd1-4d2c-b5b2-745504cc3ede,MISSING_SETTLEMENT
4a1dab32-6aed-4dc7-a3e0-5309b5a1b949,MATCH
75c8e90d-9e3d-450d-b296-d9f0cd2372c2,MISSING_SETTLEMENT
6f887f28-3e49-4d09-9b19-d8b8d8302081,MATCH
5543fc3c-38b8-424e-96ea-57b3beed10b6,MATCH
c6b6e4ad-e7ea-4d5a-b1a3-ac4d828c37e7,MATCH
328067a1-4187-422b-a57d-5e521a5165ca,MATCH
7e7e7419-a0c1-4035-85d9-5f51f387e1bd,MISSING_SETTLEMENT
9082889b-e1cd-487f-ac95-5f87ae5ec365,MATCH
780b3657-117b-455b-b094-4bdb26a524e3,MATCH
12fe28bf-81e0-4489-9a18-e2a30e614bcd,MATCH
a508dc95-13a4-4492-897d-e16dd4ea120a,MISSING_SETTLEMENT
8de7ad6c-9490-47c2-b674-456f626d719d,DUPLICATE_PAYMENT
a6ded1d8-9258-47b7-8f50-1889e8b77f7b,MATCH
1a7f195b-7355-4b9d-8fd6-f47ef52d4af2,MATCH
3f6c21f7-0a05-47f0-ac2c-d22ba56895c6,MATCH
5f733a3e-5d28-4aa4-a8a3-97799c1c3517,MATCH
a5b5cdc2-a181-485e-8a0a-c6ac0d67d38e,MATCH
da003f16-b946-4bcf-8082-cbb948bddb3e,MATCH
2434a678-a9e2-4ba9-952e-6abb14dd5061,MATCH
15b02530-f020-4992-b576-255e98549f22,MATCH
f275b5f3-d436-47a8-b3ec-b951ab8cbf97,MATCH
822c4d32-6c64-4c15-aba3-01cba561e1e9,MATCH
7c7c404e-c422-403e-b29a-6339577bc55a,MATCH
19e45c6a-c9c2-4e69-982c-75654bb907ec,MATCH
c42cbc39-e05b-46c5-9636-3094a97431db,MATCH
c566aa81-b15e-44f6-94d3-07952e4bebc4,MATCH
b836c448-ad26-4ec5-9d42-b9e9692e07b6,MATCH
4f3949a8-3d3a-4582-88b4-f4743be79df4,MISSING_SETTLEMENT
fc043f08-9207-4158-b277-1f63ada58417,MATCH
297ca4ff-f75d-499f-ab2d-5b0987079ad4,MATCH
dfc620ce-7b07-4d31-a424-4f230d5ba7cd,MATCH
290a3abb-c35b-4fea-9578-d70948f9e3d0,PARTIAL_PAYMENT
38d77b9a-e916-4a57-b248-23ab177a8a5f,MATCH
5fbbf0b1-8083-49c8-a57e-01c90da23e5c,MATCH
195d82f8-ee4a-4b5d-9195-54e307374c86,MATCH
d46b415d-eada-49a3-8970-ed9a09ce3cfb,MATCH
144823f7-e7e6-46c7-8158-24639d8776a0,MATCH
871c0884-9bdf-40f2-ba2c-0f19f0b2a5d1,MATCH
6b79afcc-3d0a-4f0c-8c39-4ec71f317405,MISSING_SETTLEMENT
98c3e3ca-7ff4-4ec6-a7b7-b4c6d6312a80,AMOUNT_MISMATCH
6de299a1-4a90-4d0c-a4c1-73b9b7f28572,MATCH
15eacbcf-ab10-41ce-aa14-3cd82ff3cde4,MATCH
81f38dd4-fd03-4ada-8952-518581e03a5e,MATCH
5f90bed6-fb25-464d-a30a-a767a2bb522b,MATCH
a0d572c8-a837-4e68-bba2-05ca3dba6da8,MATCH
56ab087a-8bc7-4e81-9a30-45280b599562,DUPLICATE_PAYMENT
2285b2ef-cfbe-4fe9-aea9-c542a1b970d0,MATCH
ca862225-0b36-4356-b39b-77a84b1f0d7b,MATCH
8b040f49-d0be-43ee-bd37-253965f202f9,MATCH
0c3ce284-c7e5-4bbb-9cb5-1c535b62a8df,PARTIAL_PAYMENT
be4969ec-6667-43bb-a3b5-63606fdc0bad,MATCH
5e0a72ab-7f5d-4163-b12b-66807f072cb9,MATCH
febec0db-9a3a-4103-ae3c-453214348f62,AMOUNT_MISMATCH
4baf0f5e-a932-4094-93f2-8f11147f6570,MATCH
727716ec-59fe-4bbc-b1a3-fad2b0946d2a,DUPLICATE_PAYMENT
a3b442bd-4649-4296-af58-42c3ff86cc31,MATCH
bff9507d-cd14-403e-8359-9af65d01f55f,MATCH
08e895d7-702c-4821-8804-0fb7ad973b67,MATCH
084a6780-9136-41f8-b310-46dc6202bee6,MATCH
92ec89af-13ae-4376-8359-810a71a6014c,MATCH
06a241af-1d0a-47f7-b5e4-a4713fe68c9c,MATCH
42a259a6-c664-4285-8303-cbc11e2595b8,MATCH
da52d2ee-22bf-48f5-9f65-2a87333ee344,PARTIAL_PAYMENT
d8741408-f7b2-47c7-ae92-ea71cf7dcb43,MATCH
4cc9f5f2-e42e-4037-8a55-2ea08acbbe09,DUPLICATE_PAYMENT
fc31a597-1f11-4c0f-b967-e60a823dd107,MATCH
5e70f65f-9280-45aa-8dd4-595b5c63b6f3,MATCH
4f2dad3f-10d4-4e39-9612-37c9e25df9a8,MATCH
d2c65ee4-68d0-42a8-84e7-f7dd6929de73,MATCH
8471b4b0-ae1b-4f69-b740-d83173318749,MATCH
21084dd9-f75d-4e3c-848d-56502e9522d6,MATCH
2a26f770-4ddb-4b36-a72c-058884a2576c,MISSING_SETTLEMENT
e519dd7e-84d6-4c4f-b0df-1684f28e4122,MISSING_SETTLEMENT
4d85e9c7-a001-4720-a00b-290346426c45,MATCH
2bd3cdcd-2779-4685-94a5-3fdef10d27c8,MATCH
07437c3b-dd20-43bf-9342-af080a8bb5b4,MATCH
92779574-c457-4cc3-b5f7-89bca6b07458,DUPLICATE_PAYMENT
4d560a3d-f4e7-469a-a454-09374a27ebf2,MATCH
0f5675f8-b048-4aa1-92ae-5c22741b77f5,MATCH
5005680f-24c7-48a5-9b4e-164b5716dc2e,PARTIAL_PAYMENT
83d5bceb-5edb-48ee-82ba-f0e02179e3f0,MATCH
24108e9a-3f77-4cae-b318-b96d44790612,MATCH
dd84cacc-f672-4464-bf8e-a40a6b0ae0e3,MATCH
7f8e5483-28ca-4a1d-835b-ec2c3098f7b2,MATCH
64ab851b-f1fa-46e7-970d-750705eee1d4,MATCH
4806f804-0cf0-474c-8c74-dc0f5a575539,MATCH
1b84edc3-d8e0-49de-8217-ea0e896490ab,MATCH
0d18ab95-668c-4477-8b95-017c5dae1201,MATCH
734a6ca3-8116-43fc-a2e7-c1a612d2fa06,AMOUNT_MISMATCH
5f89ed12-64d6-4fbf-98c0-1e2bf99f0704,MATCH
66c14dca-8255-4a61-9a3b-031932f57510,MATCH
74fd33d1-84f2-4d0f-b947-4bfacdd0b4d4,MATCH
2999bbef-518b-4f21-9cf2-0859ee6e2e72,MATCH
827c9f8c-d40a-45e9-81df-6517561c9210,MATCH
54cc1e2a-5e4c-4287-8442-51dbd0d4ea67,MATCH
df41e335-b9ae-48e4-a615-99c8cbf81f86,MATCH
f8d8b7f1-c86c-4544-a7d4-cf50f791f1e5,MATCH
a107cc46-8634-4718-aba6-adb37afeb114,MATCH
08150147-3e00-480e-ae44-1e21d25864f2,MATCH
26c432f6-6b35-4f85-904e-268770e7e756,MATCH
d92f3c1e-df70-4b2a-b8bb-22a5eba742d2,MATCH
ff84faef-5336-423b-8f96-468535145890,MATCH
57a2be4e-887b-43e5-a980-f80875ac824c,MATCH
3f1be0d0-f514-4058-b138-39757bf33a34,MATCH
b47a1c5b-b0b3-4015-b510-2852b4746349,DUPLICATE_PAYMENT
ad371d9e-92cf-4021-9f33-242d49ac9087,MATCH
257f7595-cdfb-4db9-85e7-8b23f4613f09,MATCH
41a64fed-a7ed-48d8-b13f-8f8cec8be537,MATCH
4588fc1b-b238-4849-8fe0-69b6eedaa802,MATCH
e7ba26ac-ab7a-4d1c-8cfe-f6833e11bafe,MATCH
78ef7666-b7a4-4719-948e-1f6b69ce1e4e,MATCH
682b163a-286e-4390-add9-7a1afa585b27,MATCH
f6c31218-c183-4315-b30f-8be1a689b424,MATCH
88ffbd40-3b72-486d-92fa-675fa6fd0cb1,MATCH
2d007d05-d66d-4627-a1da-ce6a6afa828c,MATCH
f64e3dfc-bfbe-4c7a-afc5-97382fb21e66,MATCH
1b780ede-9a4f-4c0c-9165-f2ed4c636e95,PARTIAL_PAYMENT
f0458043-e3a6-4a70-be71-0b558639bd41,MATCH
2999394c-54a7-469b-9cd6-6b09cf0e6d2b,MATCH
4b86b5a1-ca6f-4ff8-964c-fbd2bc92fd81,MATCH
67ce378f-e5a4-483b-a383-889adb2c6ac8,MATCH
fb4fb88a-2f4d-4219-986b-2880ab545a15,MATCH
725d4259-3c4b-4eec-a231-ee7342c2d2eb,AMOUNT_MISMATCH
42f525b9-02ed-43ce-92a8-1713b90ed44b,MATCH
67c96204-28e3-43b6-8e8a-dc4b77242041,MATCH
4b87959f-f0cd-4f05-aa87-855ea38295d3,MISSING_SETTLEMENT
fd247c11-bf6b-4cdf-b479-7b6127372b52,MATCH
aa0217d0-cd4f-4b2b-899a-c252c1e1b94a,MATCH
b42a0456-8736-4a84-b25e-134d86879aa9,MATCH
8167999f-e723-4da3-8c32-bdb2d42a895e,MATCH
1dc1e7eb-711c-4673-8535-1a69dabf984e,MISSING_SETTLEMENT
cf0671c7-720b-474b-82a7-f586e61d9cde,MATCH
765e6cb5-8f0d-4540-8ec7-d662905c7bdd,MATCH
beed0af9-00c5-4f30-9103-142441241bb4,MATCH
fe7ee362-8a89-40f0-9052-91d3b34c6c73,MATCH
c4db5a62-2e13-418d-a8ab-80ea497ec6d1,MATCH
72d35458-61ea-4f30-a42e-707afe2bd987,MATCH
dfe2c0a0-a96b-4c42-b6d2-2a7baec76a82,MATCH
649f7d88-8989-45ab-be2b-34d82db0728d,MATCH
4c61845e-fa7e-4d94-85d1-fb63c194f97f,MATCH
3f5cf2f3-3acb-43a3-92c7-bffb6118433b,MATCH
6b535a19-a902-473f-8f39-f648083f64c3,PARTIAL_PAYMENT
980cb95c-19d4-4deb-9139-fa1234c1c3ea,MATCH
705fddf5-66fa-4ca0-8b53-1932bd9419aa,MATCH
3bf2025f-4a0d-4b73-be54-ee4b80ff5173,DUPLICATE_PAYMENT
d18183d1-ac2b-4cfc-85c5-1060991121e7,MATCH
46707cd6-4ced-4164-a9df-14e9389641dd,MATCH
f8e8035b-0c00-488a-bee1-011a8e4c3ab5,MATCH
6883ac6e-6a94-4054-b241-4482519894d8,MATCH
4cfd0fc1-39b0-4e2a-996e-684f3db0174e,MATCH
6aa0426d-f7c0-45f7-a9a5-3b4f8ff8869d,AMOUNT_MISMATCH
143df5b3-a58e-43dd-948c-1d84340de049,AMOUNT_MISMATCH
0d31812e-30c3-4756-9453-f867b97e6224,MATCH
966be275-c2fe-4954-8dfd-9531302b7831,MATCH
4d9dbaeb-553d-4625-a833-4da5de95d695,MATCH
7a9a8ef5-c11b-41c4-bfe3-f366bf337a15,MATCH
52555c75-8d55-419e-bd44-cb2cea45ba41,MISSING_SETTLEMENT
8347f1da-5c11-4b6d-82f5-b3f54ef4c34d,MATCH
501ba851-5ee6-4495-b400-29c3ea11905b,MATCH
ef4c5119-8da5-439b-82c2-17970426fcc9,DUPLICATE_PAYMENT
613d2de9-3ae2-4023-9472-0d2d32399ffb,MATCH
7d1645a0-d253-4966-836b-9a0a41e02a89,MATCH
5a2837b2-cb83-43f2-bb96-f6022b115c36,MATCH
fd85d7fa-8ac9-4b01-a3ad-64d4eab9eb02,MATCH
0c6b7074-ab10-4c9b-9168-2e09f1f7d904,MATCH
37fe032c-0257-4851-a6a9-e100b509109b,MISSING_SETTLEMENT
8d388327-883f-43c6-81b1-58e90406ff44,MATCH
80913ac1-0463-450e-8964-6b96fa3c1628,MATCH
261e2555-863e-4f2a-98a8-06efeb053fc4,MATCH
143a9aff-659b-4105-8b80-f288446f64dd,MATCH
4ccb2355-39d1-47ff-b27e-1442fd7fe973,AMOUNT_MISMATCH
8d7dd772-608e-4f5c-a117-727067c0518b,MATCH
a518a418-6f14-43f6-9867-888b7ff6b824,MATCH
361f6d90-3ad1-4a33-8ae4-ac11eb4d8f42,MATCH
13087974-ec95-43ac-8beb-7c3445667c48,MATCH
edc3a1c3-2dea-4d2d-886c-405fa879d8f8,MATCH
b674410d-d218-49d6-8093-bfb024e9bcfd,MATCH
d5aba8ae-9112-4bc0-bd8f-95f4905f9096,MATCH
23d3cd4c-bd5f-4093-816f-9bcc6243bed7,PARTIAL_PAYMENT
0dbf0caf-588a-4f87-b96d-40f8bed63da0,MATCH
f4719986-9d26-4599-84dd-8df59aec56a8,MATCH
fe1a1ba9-c896-4c5b-85f8-c28da255e1bb,MATCH
95fbe976-ae00-4b7e-af8c-83e56e8d9644,PARTIAL_PAYMENT
4499d0a6-1500-4170-92d1-5585b68e47fa,MATCH
176de21f-1b46-4bdc-9c56-d9bc5111d31d,MATCH
2ff8e87e-1659-4c89-a1eb-faa91a2bd69c,MATCH
5a9a206a-16f1-42a2-86b9-19aa1a7167c7,MATCH
6346d4ef-69ef-44e3-8ab6-821c0328c136,MATCH
af70de70-2b69-495e-8567-1b58926bffa5,MATCH
2ace1aa9-1032-46b3-a55b-fc1c7e3d5ee4,MATCH
3f2086c2-f1b8-4d65-806f-64d65c72aebd,DUPLICATE_PAYMENT
01bb819c-4dfe-4117-a2af-711f1b628a9d,MATCH
d0c30018-6e3c-4d4f-95b1-45e470b27304,MATCH
f280df1d-9a6c-4db9-9217-1c884ce953a7,AMOUNT_MISMATCH
bc20b9f2-4a9c-489e-91b3-0182f7fe604f,MATCH
d105c8d6-47c1-4017-a045-2909536d47d7,AMOUNT_MISMATCH
2e0fb5b3-8bae-491e-bf4c-c10f979c30cf,MISSING_SETTLEMENT
d4cee27c-4a94-4e9f-8c35-1e4f703e957f,MATCH
3df51967-4d86-40bd-a222-4f9623a13e20,AMOUNT_MISMATCH
9912316a-fd9e-4e20-b2f6-095812ef6101,MATCH
f7eae66e-ca6c-4f9b-8969-71018b2c550a,MATCH
1bffa279-15c1-404f-aa16-3354a35fc9c1,MATCH
902f3465-0b57-4720-9cd8-758ba5a1c825,MATCH
1b1f2eb1-6e32-45a8-8bd5-cc86f73936e9,MATCH
9342a09f-b00a-464c-949c-d8d48ed8a80d,MATCH
584fc85b-2697-484d-801e-8690b0c07fcc,MATCH
1db6b844-15fa-4483-b633-cc2deba900e1,MATCH
34f541c0-c8c5-4b2a-b490-adeb57d337d3,MATCH
51a40d2a-73d3-4457-b25f-13dfb8d49848,MATCH
1bff3142-a5e1-4b55-97d3-f4ddd963dc72,MATCH
54bbbcf8-28fe-4761-8d49-fe3f2ca8f783,MATCH
a3f66c61-2fb7-4dab-af38-3b43a137f8e4,MATCH
0123a348-638a-4df6-adf7-2cd3979aa051,MATCH
89718eea-df3a-498a-8cac-2fb51a0c6c04,MATCH
7d4ed26e-dcd5-4fae-abb3-16a743299780,MATCH
591196dc-1d3e-403a-9645-f0e4647dc392,MATCH
15b24e1d-9715-4633-9d4e-db71eb2ec80e,MATCH
b1850eb8-5f90-4c87-aedc-017e1df05d18,AMOUNT_MISMATCH
7c966b55-2f8d-4ded-ac4c-450b623ad0fc,MATCH
23ea7956-49f1-437d-bd59-2e192ab7b2ef,AMOUNT_MISMATCH
22f3f068-7c0f-449d-8274-0f73f3abea0d,MATCH
af4847f0-68bd-475b-beb6-581ea72f947d,MATCH
07e67cb0-90bd-4900-9529-e6f52ad11fe8,MATCH
2b0fbe44-49e6-4c22-89a0-b7eb398f569b,DUPLICATE_PAYMENT
1d3ca5a4-929d-4377-9cfb-655f82c42e48,MATCH
c28fa16b-0aa6-4cb9-81bc-be59d296a12d,MATCH
c0582da5-a757-475b-947f-83b1bc69c155,MATCH
d1151fff-dcb9-4d5f-993c-572b4347dbca,MATCH
96822e22-bcd4-444f-8f8a-368e35ba9357,MATCH
34e50699-c8eb-427a-a3a4-e70e9dbc15c0,MATCH
89ecbc51-98cb-4a52-87f5-301988438de2,MATCH
dba6fdf8-f3d0-4ffb-8470-9848929ecc92,MATCH
695e5ea9-c923-4c64-8006-2b5bf67839b2,MATCH
5274ee11-b61d-4906-a570-35db3fead90a,MATCH
44caa5a2-a1e5-48a2-93d2-28d424655c39,MATCH
4739cc7b-bff3-4c8d-83ff-3e9667213a70,MATCH
de70bd30-00a2-4367-94fb-09f053c93ae7,MATCH
88d00abd-cbb1-4c79-9036-708dd9a09007,MATCH
48998e5f-d40e-43ce-92a7-4a4144bed486,MATCH
aebbb90e-e4e7-41de-97ff-51d9c9ce44bd,MATCH
28719b9b-db8f-4e32-adef-50031fce01e3,MATCH
21c50e41-e8ce-4951-b047-8ea4fee5ce69,MATCH
1519830c-4019-4303-9c45-7e4da79313b8,MATCH
b9da5f8c-4e35-4a80-a027-9a186576a410,MATCH
13f3cade-7a10-413f-b6a2-c52b00473139,PARTIAL_PAYMENT
d12e0eb5-57f4-49b5-b212-a6ee02106371,MATCH
16de66c9-6210-4ef6-ba9c-43081221cddf,MATCH
61fa01ba-231a-47c7-8c9b-ff5ce1887eaf,MATCH
022b6683-9033-4a65-87cf-63fd11836c4f,MATCH
eb7e2e64-26c0-447e-bf8e-8bfaa0c9da72,MATCH
c0a0473a-23d7-46a1-99b8-14fce5871d89,MATCH
3f6eed9d-23cb-4943-8a84-000350834fef,DUPLICATE_PAYMENT
48f091f0-9b8b-48ae-b89f-3a92999a1d86,MATCH
304b2370-8270-4238-9b5f-8f39848b34f0,MATCH
3db788a6-1cdc-44c2-a2c9-65b27eb0f62a,MISSING_SETTLEMENT
51045a16-ef15-4b72-9c70-ee97fca45567,MATCH
2c3aacdc-aed5-4a46-8bde-005b5d8babd7,MATCH
431e930f-0387-474d-9149-d096965d744f,MATCH
8044beb2-b66e-4bf4-a0ea-0251495743a2,AMOUNT_MISMATCH
9db54283-89a3-4811-895c-4fdea3fa4069,MATCH
cedd069d-f96c-4a0a-b404-c02aebc1bb52,MATCH
bade8d5d-6fff-45cc-b2dc-6c344f67448e,MATCH
74102d5d-1db1-4bfc-af3a-5115ecb4678c,MATCH
b3957a98-2320-4ff5-b538-f96c033e02f7,MATCH
b88416d2-d28f-4f68-8871-d7b38468b74d,MATCH
55c34853-0783-443c-a65f-ad87c57c7498,MATCH
a0a5fde6-939f-41a2-b99c-ea5cb65ad0f1,MATCH
2ab8bd33-911f-430b-9bff-00b07fe670f3,MATCH
3a78b64a-1d86-40cb-b908-00f3ac93281a,DUPLICATE_PAYMENT
620af158-5d2d-404f-b8c5-90730bc57207,MATCH
bd9c4693-b6ca-4127-a9f8-7970cd98f9e2,MATCH
45712959-51e7-44e4-b864-ca08ea75752d,AMOUNT_MISMATCH
2de982f8-0d7b-4c04-a6e5-9b32ac5f12ef,MATCH
ddb449dc-7710-4966-a082-7f7611a529b4,PARTIAL_PAYMENT
5e717fca-020a-4497-b4ed-51458d9765c7,MATCH
f8cbab4c-9779-4e84-9e47-2e2276c3e642,MATCH
268b84b6-3ec0-4285-8bc4-ec0ec2aef674,PARTIAL_PAYMENT
b186a5a8-d6ee-426b-a2cd-159058af393c,AMOUNT_MISMATCH
4eb9047d-ba2a-43d9-bcf2-fc3bd95874c2,MATCH
f8f9a45d-0f55-4896-b610-396b7df59abf,MATCH
d872f72e-e5b4-41ae-bb41-c943ebd8a3b1,MATCH
94ad6252-15bc-4a3e-bf76-55d7f97c6c3c,MATCH
6f5b09a6-0ff1-451f-915c-b31b97867b12,AMOUNT_MISMATCH
cd0254db-ed11-45d7-90a4-6c85d9d57b02,PARTIAL_PAYMENT
131eb723-3bcd-4203-859e-e67473e7f042,MATCH
7316ce64-2a14-4a96-9b0c-62eb27c8fc6c,MATCH
73b0d676-3527-45c8-8534-ca08f6f24d1c,MATCH
4de1087b-afa1-4a55-8ebe-abaa28597b34,MATCH
25f88c74-53ea-4919-9b48-62c2d5ff2a1f,MATCH
4c80d33a-ad5b-43c8-8c88-0714837217e0,MATCH
bf8211bc-8e52-4c42-b3c3-74a6dac726b6,MATCH
d49347fc-0fc9-4d2e-830f-9be91f178f93,MATCH
f004e897-a15b-4e18-afb0-64065f4b1a97,MATCH
329fc417-1081-4d45-bf45-f8a20594b24f,MATCH
cf133b65-d450-4fa2-98e7-0aebe7b33085,MATCH
6ee35607-92ea-4324-ac93-e5962b015723,MATCH
5a9c0679-2c3d-47e2-ad39-da75aee70ab2,MATCH
9d3616a1-08de-4921-a60c-b547e2280fe3,MATCH
7aa1c567-8cf9-4ea9-a1fd-c6d169785221,MATCH
cc152a1b-e278-4642-a484-e035330faaa3,MATCH
b69f75c5-c82b-41be-a1eb-64e6fd498e20,MATCH
5254aad3-809c-4839-90ce-82e8e9a53368,PARTIAL_PAYMENT
cf89569d-e550-4736-8780-6e713811b519,MATCH
ffe62994-9580-4c2a-844f-c4b85b80b8d1,MATCH
ca8e858c-d0f8-4063-889f-e107443b1d0f,MATCH
636fa890-cc21-4bdb-bb8f-e8c4d8b48ead,MATCH
ce63cb1a-5168-4bf2-97af-5bde3c8e9d78,MATCH
f2933585-5a07-4758-b357-f3f9b4157cea,MATCH
7d8d3ddd-2cf1-49cb-8f1e-1a378ac8ad93,MATCH
54ec84ce-002c-4b25-ba5d-7c8286c5547c,MATCH
cd6bb03b-eb35-47a0-ad6e-0291b7893986,MATCH
24435958-eacf-43a9-b466-fab6962c04dd,DUPLICATE_PAYMENT
a981fa54-f121-4129-b45c-9a545fa3a531,MATCH
bb7b6c05-2852-4ca2-b9d2-014a22ee7f07,MATCH
8fddbebc-f7ff-48d4-b509-f08a2c988bca,MATCH
2ce3d822-d080-42b8-96c5-6fe7aa604892,MATCH
f2e3c6f0-0075-43d5-ba94-aa662d7e4a45,MATCH
ebc92914-5176-49d1-9a36-24d62e9ce8ff,MATCH
54c7743b-2401-442a-bf05-fbf5efcac577,MATCH
16b6bf61-f68c-42e6-a2a4-5909a2dd22d5,MATCH
3fe1e8f3-35ad-4e88-83e4-f66802ead2df,MATCH
bb8aa843-702f-41e5-a2cc-c6040c53644b,MATCH
8bc83a02-59ea-4936-a0f3-4ebce1bbb8cd,MATCH
cc9803de-12de-4e5a-b387-928a29a3db6d,MATCH
5780be17-12fe-4c2b-9acf-42c5f3a02120,MATCH
17d5b563-fa60-4de1-a5eb-772df11c0ac5,MATCH
2a3d418d-a754-429f-b143-e5456e6b34b9,MATCH
30a2cee8-f972-4cc1-b49e-f4a954c29d5c,AMOUNT_MISMATCH
3ccff6eb-4c22-42f3-8811-e562a91cf192,MATCH
00fa0eb4-5c5f-48d4-8df4-07b82751ab86,PARTIAL_PAYMENT
2bbba89d-34fa-4ee1-8696-9d4818d42238,MATCH
788fd0cd-65c0-4b93-88ed-abdd4ef03f80,MATCH
e2afa629-5efb-436e-af54-60336334fa2a,MATCH
39eb038a-436e-4c49-b70e-09db7092d401,MATCH
cee4e512-5802-4640-ab0b-4cc515f0ea19,MATCH
6319629b-d73e-4bb9-8f9c-a17b8db8dadf,MATCH
79ec533c-3c53-490e-a1b4-1171929d674d,AMOUNT_MISMATCH
ccea5031-844e-450b-a684-390c923b7820,MATCH
2c41cbd3-72f4-44ab-81d7-1f4af3025d16,MATCH
140ff589-6c62-4c2c-8aec-cec7204db9da,PARTIAL_PAYMENT
ba236c22-e92a-4b97-91db-1a374204d733,MATCH
db4bb8eb-537d-4bd1-8d53-6c7565b90e94,MATCH
1cce08e9-6b6a-4061-881c-8d3185c69fbf,MATCH
19a6f80e-f08c-46c2-b6ff-3521c2250530,MATCH
5807cf74-e150-4425-891f-4683de12dbf1,MATCH
2c154804-0997-49a3-b919-955c9be4f19f,MATCH
54dccba5-e103-4e1c-a3bb-22ae6552ac53,MISSING_SETTLEMENT
567e642e-052d-4b9a-9f58-4603e5a3d8e9,MATCH
1924c644-af52-4666-b239-09f4dbb54645,PARTIAL_PAYMENT
44f8b53c-5224-4d05-9369-2867c626e38f,MATCH
d2efa93b-e9d6-4b7e-b61d-b014711456de,MATCH
ca9f1d59-83e8-4700-8e63-813ed22e3226,MATCH
86379f04-d9ee-4dc9-87cf-eca822b9f24c,MATCH
08775804-3fde-4814-8ec0-ad4bd6441a9d,PARTIAL_PAYMENT
814ff657-76d7-4561-92d1-4ef55e4c4fd1,MATCH
7233d5af-9813-4da1-bd21-20ad5f59fb4d,MATCH
d6707a21-29dc-473e-9820-b3f25989dd6c,MISSING_SETTLEMENT
29b44cb1-0cb5-4e5c-a2f5-f7c20706fec2,MATCH
34ec5264-ad7d-4f81-b9a0-f145a5bab050,MATCH
a5ba2472-21df-4609-a959-137f795e6f2b,MATCH
4e329b4b-f168-4605-8e1a-16699bbc6cbc,MATCH
59450186-da01-4d29-a060-b1ebe53e5f4c,MATCH
95a0f356-65ab-49ff-9fa4-a627d30608be,MATCH
485d831c-9bea-4529-9801-7a2fa5b83693,MATCH
533c2ed5-a3fe-4479-86c7-9b36fd053963,MATCH
3d846fc9-c3f6-4136-846d-5a3b2661c426,MATCH
06843c86-b8a6-4402-a3d2-6b8dae46024d,MATCH
090aaa93-bc9a-4998-a365-fc2a6793cb09,MISSING_SETTLEMENT
afb28b3d-38ec-4b4d-b69f-5eabb9ff2c29,AMOUNT_MISMATCH
d73418fe-2b84-4ef3-986d-655d4cd99164,MATCH
423701f1-bdac-4c5e-a0c0-f2757885187d,PARTIAL_PAYMENT
5af3da5a-38e5-4b27-96dc-5a6ea7890770,MATCH
4b46ef33-95e7-4614-82b4-02815f269466,MATCH
123b31cf-9ee3-49ff-b1bd-b598948f664a,MATCH
0dd70158-69c1-45ae-8c61-0ae887a37f10,MATCH
e4917f7d-91c4-4efc-bcb8-96bb68c0cbef,MATCH
55273407-7cd2-492f-94b0-0f62c768b07f,MATCH
c2dd901d-359a-4533-8605-ec0e73b9c2ac,MATCH
1689e0b8-c79d-4b62-8379-44c1c90394ea,MATCH
62210670-7a36-4788-b71f-b9a66dd49c96,MATCH
d54e7948-c1c0-45e3-927c-8f50e45a87e8,MATCH
58274e80-e082-4918-b18a-d67d39ec8ca1,MATCH
d2e76deb-10b6-4662-aac1-d5ca4e5d8f12,MATCH
6f04af36-567c-4d44-862c-92fd98abb2e7,MATCH
2a35ce30-303c-404b-8007-93365bf7dda1,MATCH
fc21109b-ba27-4c64-b96d-1ffb3a799efa,MATCH
b60b4f87-5dd8-4ffc-9f87-8b322b429596,MATCH
fea35d37-980b-4853-8c70-31eb9f85c2dd,MATCH
71be94c3-6ab1-4db6-9da4-66feb0937085,MATCH
a15c159a-af8c-4888-b1f8-1ad9349b5089,MISSING_SETTLEMENT
b362cd55-9b0a-4a0b-9f6f-acc1451d38fe,MATCH
485f7888-1e23-4a4b-9e21-741fb8011026,MATCH
d4dd1b56-4353-41b2-8728-50c13322c68b,DUPLICATE_PAYMENT
7f111a36-8c52-4271-8a16-7e18290e3e89,MATCH
abf0263e-0343-4b64-80b3-700f3c088990,MATCH
c78f07cf-170f-487b-b30e-e4fe262e5559,DUPLICATE_PAYMENT
fd1935cc-74ed-460e-bb2d-520ba4f34185,MATCH
0a190939-dfc7-4b26-acb9-41fcd02c75f9,MATCH
d9eb404c-1851-41cf-9dab-b10abd10f87c,MATCH
700e0efc-e4ff-431a-9b86-ea6954231dbe,MISSING_SETTLEMENT
1d24181c-2ed0-47d4-97bc-ad3ad0a17fe8,MISSING_SETTLEMENT
ccc62fed-7a6e-43d0-99c5-9cd9b09d721b,MATCH
0f037337-b9f6-443b-b238-305621ec4754,MATCH
cd613988-7b90-442f-973b-6977e9462820,MATCH
af390a9d-dcd1-4413-8760-801f9c81fc46,MATCH
e3395b1a-1ce9-4871-bcf5-9d5feb9f33cb,MATCH
ad8cbfea-de4b-461e-b45e-9463032a09e0,MATCH
df865633-ab7a-4b66-b4ac-c7e2fa575cea,MATCH
7b5fbe41-3fa2-4de0-ba05-dd0fa9660a5a,MATCH
e45e2ad0-8eef-45dd-9391-6dcfd6cade2c,MATCH
7eef09ab-da14-4a47-b823-51d9d94df188,MATCH
47354e4f-f85b-4d0a-94b5-86353dab1614,MATCH
75873920-142e-4df0-bc28-f5dcd12daea8,MATCH
fb0d3cda-1e63-4261-90e9-688872730e7b,MATCH
8c91bd13-8ea0-4346-892c-4801698f04f8,MATCH
abe5be96-a793-4a2e-b4f4-34048ff50701,MATCH
8f660bbd-54fc-486f-b457-7d47d8253010,MATCH
a8ae57b9-c262-4ad0-98f1-a1e41d30a290,MATCH
1b37ef19-b3bc-412f-9fb7-474e85a0d089,MATCH
3227e8d8-9c60-481b-8119-1aa71b61d453,MATCH
30c9c51f-c80b-4af7-9315-fafa7500f785,MATCH
ac117bab-d664-4fe8-a21c-0c06ed376567,MATCH
811317a8-f4c8-4393-96dd-6c82a8909e31,PARTIAL_PAYMENT
d6bca712-6ecc-4931-af70-5d018da03d88,AMOUNT_MISMATCH
20dda0ff-d0b3-4752-bb01-b2a52c745800,MATCH
fac08fc4-6b2d-4ccc-a279-403ce1a2cfe7,MATCH
f8722413-57c5-482c-b6ae-10e865daced0,MATCH
bf98e734-e2ed-4686-b334-22cb9a3f0ad1,PARTIAL_PAYMENT
8db78572-ef7d-4821-bca0-258eb63d65d5,MATCH
fb38cd91-21f6-463d-ac20-af11ebd33927,MATCH
5287964d-a30a-4658-b1be-6df28ae0b8a0,AMOUNT_MISMATCH
aacad101-f153-4f68-9215-583a9532caba,MATCH
ceed0ffc-6c21-435d-98e8-b97ce0a25901,MATCH
332cce0a-0e7d-4698-ab95-c72f0d95aaf5,MATCH
b0cad2eb-0fe1-421a-96e1-ba00257c54bc,DUPLICATE_PAYMENT
1a3c2131-73dd-4bc6-9064-05a85bd29cb1,MATCH
638e1388-8faf-4d4a-a5a9-9ebcbe0ec2da,MATCH
6aa415b5-6336-4815-a1af-663ced2e1bcd,MATCH
4057e470-be61-47a8-8351-b09d0dc5fb06,MATCH
b5a4c55b-b462-4214-a23f-f67de9572bc2,MATCH
f6dbb2b6-b993-4f63-86b1-8d94324bcc3d,MATCH
838b77ad-bc2e-4b59-ac7d-d667f664c720,MATCH
95801c3a-2932-4211-a14c-0a4d43a534d2,MATCH
5297e1ad-edba-4484-a759-1ad40a398bf7,MISSING_SETTLEMENT
5bab7f4a-8cd7-4c27-929a-f586ca376c36,MATCH
11740357-8546-4426-af12-0b9ef4fd25b7,MATCH
38a06ffe-5972-48c5-9789-be6367465743,MISSING_SETTLEMENT
c0ae0b1a-f347-4736-b7ec-07a64b27b079,MATCH
72173fa3-5893-4f12-ab3f-8d221d5e6aee,AMOUNT_MISMATCH
61a1a29c-5228-4d8d-a2ba-9fceaebbaf9c,MISSING_SETTLEMENT
06531d47-4867-4b30-b956-77318a4cfe1f,MATCH
7c9f3bc3-7210-445a-823c-7ef9cd8565ce,MATCH
189099c9-f2be-429f-9514-9755838e9a61,PARTIAL_PAYMENT
35f5c654-10c2-42e5-a07e-afb101e06ad8,MATCH
b3e6f4c6-d428-4f6c-89aa-429334a0dcd4,MATCH
0614ac41-275c-45dc-afa0-8cbebf343ca7,MATCH
407d0aff-cb51-4911-ad90-e4ee0de4833e,MATCH
a155eb2c-737c-48b5-a356-1add685a9f2b,MATCH
b864a47b-a434-47fb-8182-978288eae7d4,MATCH
5b923c67-1295-48df-9926-fe41b36d0121,AMOUNT_MISMATCH
ed3b9d13-c3e9-4323-8811-86e9162534ca,MATCH
22e9e527-3849-4ecc-8891-57fd2804d0ac,MATCH
4c4d6e40-24e2-426c-a250-d133f5cb5be4,MATCH
243113fd-8e19-4d07-9ff0-b9bf8db3c2c1,MATCH
4e003d55-15ca-4faf-b26d-3dd38c2aa0b1,MATCH
d9f93502-a55b-444f-a7d7-3d1d69a3b991,MATCH
1d57e734-31bf-4cf6-80b3-af7cd5b211a9,MATCH
12b99a50-8cb6-41f0-a509-6396761579e7,MISSING_SETTLEMENT
f3981e9e-7cb8-42a0-94a1-eab0b9c037aa,DUPLICATE_PAYMENT
e66e2c11-11de-4ebf-9e98-961d48febf6d,MATCH
958c2936-b186-48ce-8e40-bfbaa8cfe589,MATCH
3f05557c-502e-4818-813c-a9982b2bf58c,MATCH
adf8f767-2261-4def-9c07-4653d71173e4,MATCH
7caa281b-4e33-4644-8657-20ae5bd67d4d,MATCH
e42c0aea-23d7-463d-9391-d017dbd4a86d,AMOUNT_MISMATCH
81d67019-d97e-4d3c-84c4-f46ae4610160,MATCH
e80382eb-3677-4be4-970c-9eb4c4ea4ece,MATCH
5da64a3a-260c-4fb4-8673-5380a7668617,MATCH
82aa5c46-8049-4bbf-b6f6-a77822460ac9,MATCH
fb5abb36-ce79-48b7-b6c8-b8b9d9155664,MATCH
90fcc9f1-2ddc-456b-a8c2-cce9723b80d4,MATCH
38048786-0a58-443c-9bda-0655f06dca24,MATCH
34ef2552-ab28-4d09-8af5-7e603be8a5df,PARTIAL_PAYMENT
0be3534a-e1ad-440c-b463-835eeafb9f20,MATCH
d5ba304c-4603-49ee-9463-c183a2317211,MATCH
5d8416e0-60e6-46ff-a757-43f9606cc2f5,MATCH
e8410a39-f901-4b9c-a057-153a4067f790,MATCH
9aad9234-e31d-4345-bb6b-911ecaeb9959,MATCH
a4bae8bf-83b8-4a05-93bc-0dc63ae0acdb,MATCH
1e4ae3a7-d123-47c1-b7a1-267e9a1e0036,MATCH
7aa1219a-7a93-48bb-acdb-d5f27b44acd0,MATCH
92d00319-20bd-4422-8b0b-81de3e612d66,MISSING_SETTLEMENT
0e503fd8-2598-4383-9280-3da2e40b50e4,MATCH
a33b3dfd-9048-45c6-b820-5aa7996f7e88,MATCH
fe268e77-9b45-47e0-b2fe-fdc23772aa97,MATCH
95284c0a-cb6b-4562-a488-c84d99d090fd,MATCH
57b94dfb-af82-470c-b964-4e4f2aefcf3b,MATCH
1bcb404c-21d8-496a-a2ad-a15760d2759a,MATCH
18a70609-9b02-4535-a649-a478d3966f0a,MATCH
17db4c2f-1e15-4e2f-809c-2ebe80da2ed7,PARTIAL_PAYMENT
adb610f4-c65d-486e-b00f-63efe59fc1c2,MATCH
3abf9c65-6dd0-43f3-87a2-0e22b298b811,PARTIAL_PAYMENT
e869707c-bdcb-4ffc-8dfb-a4e996cbdafb,MATCH
c40f5405-7a25-4d81-8128-17eb224629cd,MATCH
41ff81d1-689d-4205-8b31-f4d8e073c1d0,MATCH
01d77831-850f-4cdc-9e2a-03f185c53910,MATCH
6d130705-279f-41ab-9b49-09b65cbdb682,MATCH
468b22af-9ca4-464d-9d9a-d9f1908e3a95,MATCH
7b8301cf-8ebc-4d7e-88a6-5b858d56bff6,MATCH
5827bc1d-93e0-4235-8e80-d10bfd0ee0b6,MATCH
c879d932-7254-4ab7-bad2-4ac8bf70c042,MATCH
cd04c001-56a3-4ccc-893c-9cc6668b28da,MATCH
015aba1d-a2c8-4f62-b6ee-137d639c4c6c,MATCH
4359ff43-1067-43b6-9690-636b6f74e55d,MATCH
9d2cd944-6690-4951-bc04-ca7aee415f16,DUPLICATE_PAYMENT
02bdeabe-7060-48eb-be8e-ed12a3ea21a2,MATCH
9979cf26-c8b1-40e1-889a-9f4f31dae817,MATCH
0012d399-a7af-4545-bd3f-ec1b5c17ebb5,MATCH
67cba27a-6528-4970-ab6e-f8dd5a669316,MATCH
d46b7756-b9e4-49ef-88d4-95a48cb21aa2,MATCH
31cc6738-f68a-49b7-9b3a-a1d139ee80ab,MATCH
1b414999-8198-41f5-a839-f98f2ccf1472,MATCH
41f83199-f4ea-4769-8366-c189cd8d9f75,MATCH
60885550-f74f-4900-b159-4914b1b68ecd,MATCH
963a4333-e582-45dc-b5f1-c654ae7cfd14,MATCH
fe83c32a-c9e5-4c47-a237-a8c161f6dfbe,MATCH
89207bc4-8439-4ed9-9a64-845ef49816ad,MATCH
bfb0942c-ac77-4762-a620-516717cf775f,MATCH
e4f1e8e8-37f3-432b-9a81-762a5059f77b,MATCH
bc45144a-3c1f-4ff0-b31d-58bbbcb3636d,MATCH
9e5c5dcd-d61a-480a-bfec-0a37d5bea8dc,MATCH
7e1f48c4-a9d6-490d-b4ad-fa22ad0205f5,MATCH
9ee4105d-5f06-4c76-bb77-7e71d91738f8,MATCH
c3a6b204-fc01-4a22-aed0-b0b27da56b6e,MATCH
cc9cf41c-8696-4901-8ddc-a78820d4ba18,MATCH
afb3e3ad-dc43-4ed5-a4ca-a1c758e7edf8,MATCH
0227b8d5-b070-4a53-90ce-857f75c72fb6,AMOUNT_MISMATCH
dca1adcc-9cdf-4664-9c91-f845534fc96d,MATCH
57d52b78-9cf3-437e-b562-037b78aa16ea,MATCH
5d75c03c-5f4f-4f10-808f-e6d7b361e70a,MATCH
af9e7a0e-936d-44a7-bab1-996a21925613,MATCH
618192de-db37-4ca7-aea5-e3418e2ac3ff,MATCH
6be8c756-2d36-426c-827e-789cce40483b,MATCH
7c93243e-c90b-4454-90d3-802db876a455,MATCH
29d0c613-b0c7-4002-9956-699065fdaadb,MATCH
42803aa0-55ac-4d06-be9d-a9517329af6e,AMOUNT_MISMATCH
59e110eb-1f09-4b9d-a969-29b20513eda8,MATCH
89d716ef-a62d-4221-a65d-958e936dd1a8,MATCH
c655a597-7ccc-43de-82ac-7e1dac565da6,MATCH
f4e35f7b-a1b7-43d8-b6b8-74d349599bed,MATCH
679f2f42-9256-4707-9cc0-5b67a19b224a,AMOUNT_MISMATCH
a72bdddd-511e-4eb8-9040-5c433a6c7da6,MATCH
dce0e2bb-c7ed-4a02-b1e4-dc42e33fc52c,MATCH
daada0b1-2f13-4a6d-aad5-5c0b69fb2fe6,MATCH
1a5ed196-65a4-479b-aaba-a4f935e80364,MATCH
65a29cc8-c55b-495d-86bf-d9c40dc78104,MATCH
a7a31d25-1595-4c42-a7c0-0f899e3bf1b3,MATCH
a06109db-7172-4636-88bf-b602bcd2e8eb,MATCH
dc412176-5b59-428e-a9de-5b2608ffeab0,MATCH
71e15b9f-8c6d-468e-85bc-f3baef52d36e,MATCH
a18c5492-74e0-479a-98fb-47279740b212,MATCH
4f45f6f7-88a6-43b4-a3b8-1f92a3c90c6a,MATCH
6986305a-5da3-49cf-8ed0-730d711dc1dd,MATCH
22e49628-d913-457d-821f-84fcd0bcbad5,MATCH
4cb34663-7a21-4151-8166-a8b3f26bcebf,MATCH
8c57a277-01d9-49b4-8bf8-f29e3b30ee97,MATCH
b7062cfa-29cc-4789-bff9-3134650e78e4,MATCH
a0152b5b-6c17-4150-9447-16cc4352acea,AMOUNT_MISMATCH
cf0e1567-882d-4fc1-be30-74f8a60147c3,MATCH
a30b669c-1c40-4045-8a22-eae922f9cafe,PARTIAL_PAYMENT
0cb4afe1-26f3-41c8-84f7-18c85215b503,MATCH
703c1286-b717-44cd-a002-91bb44e9f8fb,MATCH
6b950c1d-5787-49d9-b799-a3767e5b3ac9,MISSING_SETTLEMENT
548b2ce3-081f-4c82-8a9a-cf77b26a51a5,MATCH
12464474-6475-40ee-8691-30694439940d,MATCH
f97f4994-1f38-4f55-833a-c4d6d4085391,MATCH
32fd73c5-0894-4176-be99-df69bcd49975,MATCH
f6121d2c-ae73-40eb-a39d-8fe7790b185c,MATCH
7b31dcdc-40d9-4a8e-9f44-aa88855b6c5b,MATCH
a206527c-3c68-41d6-9ce8-e12ff9287d26,MATCH
3e3b1a40-ca05-43a2-a553-b15f1ea15b0f,MATCH
16e827b0-c552-43c5-9f13-fb9827ad8d51,MISSING_SETTLEMENT
276732d3-a502-4c4b-9b03-34d80f4d6c40,MATCH
8ef00de1-fb4f-4972-9115-d7ee3b90908e,MATCH
5bb0dd76-60b5-4717-b072-afc805776108,MATCH
4b726a7c-8f1c-4fa0-b000-0009b4e570ba,MATCH
bb7eb979-52dc-4ffd-9900-8d658b2ab759,PARTIAL_PAYMENT
730ad7de-27af-4ff9-87f8-9f6211a1e557,MATCH
8186722b-a355-4d05-86a2-8e4e002f2ca4,MATCH
9ec5405d-c6a9-4598-9d34-0833db592a19,MATCH
7f5f61aa-aee7-47a5-8629-6fbe309b48dd,PARTIAL_PAYMENT
1c4760a5-5270-4b29-a412-47a268e8f311,MATCH
33bb7382-0801-4e83-9f9d-39102dbb45bd,MATCH
a86d8706-637b-4648-9617-b9c0a449d64f,MATCH
9b1fc6d1-3881-49dc-9dc9-60970c90e028,MISSING_SETTLEMENT
14780c9d-d503-4b43-a3c7-ca9aedabddab,DUPLICATE_PAYMENT
6a7be8b1-e3f3-42a8-b030-bfd4be54898e,MISSING_SETTLEMENT
bbfb1b71-0a68-4eb8-876d-e8c5440c7e5b,MATCH
3b23feed-b9a4-4e2b-99e9-e3a418dcceb6,MATCH
2dcc4095-f28f-4444-a015-4d6591ed554a,MATCH
b3da5808-756e-467d-acab-8b695ba37cb5,MATCH
56673e49-8133-4bdc-a6cc-73768cca8963,MATCH
fdd084a1-8cd2-416f-90ad-ff63e7094153,MATCH
9bc0fa93-52cd-4def-b9d2-76f4d37ee471,MATCH
5c29850b-410b-4c29-be9c-afcfed17f6e9,MATCH
48d3d2ce-fba3-491f-88df-aaf8b9efaad6,MATCH
36fea0b4-38cd-4122-bc01-45e14ce2afa2,MATCH
ed0940f7-9217-4fb0-8e6b-308582e2b02d,MATCH
5df924fb-43d6-43ed-a36e-b83227f6a2ac,MATCH
91ae3d4c-6659-4d83-920b-725b17871810,AMOUNT_MISMATCH
e6267164-d361-4b3a-bcff-ae922c435667,MATCH
bb1502ea-0991-4f46-8ce6-928ba46acc9a,MATCH
6f2e92b9-d130-42db-a13a-14ca5911f42e,MATCH
c704e80e-a246-4cd7-82ed-5d15edbc36d8,MATCH
264ae04f-909e-41ba-8a38-d5aa51beba8e,MATCH
6493f5ef-ff53-46a4-bb48-bbbaac735be0,MATCH
4a2f3876-6e93-4615-b8da-9a90170fad32,MATCH
0c9fa6e6-becc-4760-9249-ee3a79d19c4e,MATCH
2160446e-b2a7-4475-8619-67736f3acf33,MATCH
32339053-9242-4a54-a6f9-c0e165339cf0,MATCH
c6da85f1-4429-4ca2-9257-429e3e085cb7,MATCH
6c6d282b-69e0-4370-abf7-a5d01ccec1ef,MISSING_SETTLEMENT
4e089bb4-c509-4558-8632-6b36a7c8f0c5,MATCH
d173b70b-ec99-4c80-8b7d-185670c23600,MATCH
3e3869e2-0df6-4417-bd55-38c71cc464ed,MATCH
1c7cb6ed-cde5-4848-b19c-905e57e0a1f1,MATCH
342c5348-363d-45f1-89ba-b9c8bd717da3,PARTIAL_PAYMENT
242f5829-fe07-432a-badc-45999f7fae0c,MATCH
0b21a308-86dc-4e34-a9dc-fe52e7f2418a,MATCH
a79e3626-7707-4c0e-8d96-feb34572b385,AMOUNT_MISMATCH
4ae0fd7a-04e2-4132-9b9e-c5f9dd419a67,MATCH
197fa0fd-b5ae-4a56-ba03-3d6c822fb2f0,MATCH
f77fa3a7-802a-46eb-b2e9-7c2d2fb90ccf,MISSING_SETTLEMENT
4e0fbae1-8787-43f4-ac19-e4eb3f551740,PARTIAL_PAYMENT
5afa0fb3-5a16-49d9-af2f-077358c69158,MATCH
41f74651-a033-4dad-8fdf-de19cfd835fc,MATCH
26d658fb-39bf-49b6-87ba-c8aaf2f94b2c,MATCH
f5ea4128-854d-43bf-a1d8-5365bada0c94,AMOUNT_MISMATCH
6d2ccf42-271a-419f-92a9-7acd3d884938,MISSING_SETTLEMENT
a7087280-34ee-4b67-a1bb-d1838acfd4d6,PARTIAL_PAYMENT
e60d7a94-b483-4162-b043-a39a4f1a84cb,PARTIAL_PAYMENT
115c42cd-5147-4e86-a875-d40aeac7dc2e,MATCH
2540fbfe-e12f-46cd-96ea-f269514e1353,DUPLICATE_PAYMENT
ef0b743e-bee0-4762-b168-bdec4da838b7,MATCH
21acfdb5-1b55-4f6d-b01c-6abfc7739d46,MATCH
98ab182c-3b1d-4181-9cc3-c1f59129bc75,MATCH
22538040-7a02-4a6d-87a2-b171b02a06ee,AMOUNT_MISMATCH
794e0838-7dcf-40fd-a330-98edda252795,MATCH
ece9504b-03d7-4962-b804-43eec3b8d179,MATCH
f4672866-ed56-42a0-ad54-ff2b10ee4f77,PARTIAL_PAYMENT
3f2d39c8-e338-4579-b521-aa18dde4f5c1,MATCH
be125f8f-f06b-4c12-9c8b-955064e70f9a,MATCH
d3b6ef1b-74f7-4d09-b39c-afa51bfc270c,MATCH
bc341b4f-fbdc-432e-a546-c66d89b1cad1,MATCH
e267e12b-65e5-413f-b086-9a454a8abb17,MATCH
eb45bc38-9cf6-4e33-8b5f-174b6c267b56,MATCH
172720fa-73a2-4c7b-a566-e884d473e687,MATCH
52ce55e3-69df-45c7-a4a0-053f22a37556,MISSING_SETTLEMENT
400564b8-1716-43b1-b466-1e6fe1eeb1f1,MATCH
730bc657-b4cb-4613-9d39-e9c217584f23,MATCH
60f11528-28ef-4f46-b323-123e9cb0c90c,MATCH
dcd81a8b-a8d6-4af6-9f0d-def190c40e45,MATCH
baebe15d-4f3c-4771-8edd-2a2a6b69b4ae,MATCH
33ee16e7-f5de-4eba-a1ae-a39be606d7c2,MATCH
8b22e445-7fa7-4485-9afc-38057f6485de,MATCH
79c842cb-a8d3-410e-96bf-ae6e37850b5c,MATCH
9ea8fcb1-4732-48c9-8c1e-9464e1d5c0dc,MATCH
a73d2746-0e18-4b96-a5f4-1dd62f51ac6e,MATCH
54c3b22e-4c66-4a4d-9a70-ea8ad6881d3e,MATCH
9c7060da-48cd-49c5-ac0e-1f71294d43ed,MATCH
bfd467e7-7491-450c-b75e-fed82d6b5953,MATCH
61022b56-e5c4-42ff-9e5a-90c152a473f9,MATCH
1f3cea1d-2271-47ca-b887-73ed4af715b7,MATCH
35845d71-b221-41c5-b5b8-6d0a864f36dd,MATCH
9ad2bb72-b04b-4584-b95c-ec2d7bd15655,MATCH
42791490-5105-44f9-9909-49aa9bdd3d7a,MATCH
850b7073-7f13-4e67-9008-cdc99d421bae,MATCH
fab0a15d-4a5d-4cea-b565-f64e3b93a53f,MATCH
ccb03fc5-3513-4238-991b-1a04bccaba38,MATCH
a3336ea8-ce58-4e20-8f77-63e05982aa44,MISSING_SETTLEMENT
4cdf697f-4eca-4e96-915d-b44fca4a40bc,MATCH
65637d1f-5763-4902-9552-0712af92ef22,MATCH
56830783-d575-4337-949c-9eb931ab0158,MATCH
27c7655a-7b43-4a72-a2c0-c475a54976d0,MATCH
69f8d3e4-d06d-4943-88b3-815e76647043,MATCH
50c4cb4b-ad9e-4c1e-b997-402490a014ab,MATCH
cbb86be0-e355-4636-aa8b-31f5ccae58fe,MATCH
a06303ca-600f-479c-bbce-708756d2b14d,MATCH
c847b130-dd56-430e-9de9-87a2985e7e89,MATCH
7f3ef59b-1638-4137-a9f3-5b2d4580dac2,MATCH
1cbb304b-2ccd-42af-8d64-bb63866cfb2b,DUPLICATE_PAYMENT
cc8ceba9-0662-400c-8188-de48719b2dd6,MATCH
dfb68a5f-bb81-41f0-bbc4-d138ec737598,MATCH
84222f58-f022-44af-bb76-4637d277ab64,MATCH
85b864d4-dd64-4387-b6b3-8fbc6338fb29,MATCH
77852ddb-5552-4a3c-964a-9b18df3334c6,MATCH
a38bbaa4-4fe8-48d8-822c-a6a893daf60d,MATCH
c5d56016-51b3-4cf5-8843-3a3846d28109,MATCH
f5530567-03e7-4d21-9d4d-46d6460d113d,MATCH
4563abbe-5188-4a26-8ca3-3a5459ae7302,MATCH
4fb67094-123c-4911-abd8-ad4d3eacdb28,MATCH
e73e2bc5-7882-4064-876c-108d214c87b1,MATCH
b465c027-2dd1-445b-a454-a82a6d2cdbf9,MATCH
d143e0a2-5513-474f-8ffc-1c545b0a31ea,MATCH
c3b1927b-c178-4e77-ac3b-9258f943375e,MATCH
a4f89e23-af39-42ce-8f75-d45a74a12a0d,MATCH
9defeab9-e54c-46ca-9c70-ce2224caf1b8,MATCH
53238aff-e1e5-48a1-9c5c-d673c9ed66a6,MATCH
d8842354-7613-4f44-ba88-f16259f8068e,DUPLICATE_PAYMENT
d14b256c-67db-4943-9a59-c3eb8208fd42,MATCH
760272ba-8862-436f-8d57-9d00cadcc10f,MATCH
6241cba3-7b7c-47cc-b950-f7fa28b58db5,MISSING_SETTLEMENT
9134c0b7-6f73-473b-baee-bacdc8c8ccf9,MISSING_SETTLEMENT
bd472885-13f0-433f-ab6b-3f08a9a0f4ef,DUPLICATE_PAYMENT
534bfa86-7681-4ad7-9898-6758979800c3,AMOUNT_MISMATCH
9927839b-11d1-4e50-a7e2-189bf4b4c704,PARTIAL_PAYMENT
0fbd4c81-a900-4ecd-a51e-01ad7e8a2078,MATCH
26330c43-a92f-45fe-a58f-cafcc1cfd878,MATCH
e09ef2a3-ae77-4249-b4a6-3e7632173525,MATCH
5821b9f8-ea45-4afd-bb8a-61ebb7c12a4c,MATCH
4b4fafaf-da3d-4780-a0a7-7d78d8feb8de,MATCH
fa8bd601-d21c-4315-8f5e-248eb40f040e,MATCH
64eec4c1-9714-4adc-b3c4-d0306e84e832,MATCH
a998c8e1-3612-41be-8b8c-e7be6f689d65,PARTIAL_PAYMENT
d707cb6d-5c3b-43b5-acaa-dafbd7e4527a,MATCH
04056d2b-a5fc-4671-925d-f20602f865f8,MATCH
ce52309d-a46a-47c2-a320-de1615ac80e4,MATCH
8d532691-6c93-4f69-8269-041a74533044,MATCH
93f3c702-01e6-4e9a-9ac5-50236cbdd931,MATCH
938bd3f8-8bd1-4d4b-ad33-53fc692caaae,MATCH
948c7eb4-1cf8-470b-9e5b-2ad8b4732eb6,MATCH
c02627d1-fbd1-40c0-9bfe-679afbcbd6ec,MATCH
3ec77a8f-16a4-4b83-9c2d-9672e3d1803c,MATCH
9cf021b8-4fff-4b59-9462-8786cc502a89,MATCH
781f9d3f-e7f3-49dc-833d-e3ad743b9f71,MATCH
b1eedf64-090b-43ed-aae1-d0bc4a099088,MATCH
94010dfe-7921-4c7c-a119-ceee0fb91307,AMOUNT_MISMATCH
20775ce4-151f-42f9-bc19-3e6f496cc03a,MATCH
4674a0eb-47ed-46dd-9da4-ec0f21ee0f6c,MATCH
bd2cf4eb-977e-4f2c-a8fe-60952cb37e23,MATCH
7c239ebc-3c77-4558-b365-fb7cc853bc55,MATCH
252352f6-f7a3-46a6-959b-558bfbec1ed8,MATCH
a9217ddc-3cea-4f89-a217-3b7fc536d2ce,MATCH
0de84b63-5856-41fc-9782-5ea3bbff16e9,MATCH
79ea5621-6614-43a7-b6c9-aeb22ae7dc19,MATCH
63dba8c8-b4a2-4699-aefa-823b613a9ff9,MATCH
72e5e892-cc1c-4204-ad5e-749b49ee4969,MATCH
a32e3ab5-8802-474a-aaef-2ec218ecde2b,MATCH
1928aae5-cd64-4aff-845f-dde1453417b5,MATCH
c53f4f7e-96b6-4287-ac00-f929bbfbf76c,MATCH
022b7e76-ac3c-4e34-82b5-3d3d8c30563f,MATCH
59fcfaeb-7229-44a9-af7c-e6091a99aae0,MATCH
0e8fd00b-1789-46de-9e90-d10706113bfe,AMOUNT_MISMATCH
f5321352-b544-48e4-9f2d-a344a3596667,MATCH
a5dd2836-e65f-49fa-838c-2eafa8097a77,MATCH
a9151364-778a-469f-8b68-d94d40da9c7d,MATCH
c516e394-aae6-487e-a744-aa30b1356d67,MATCH
637aa999-61ff-4d9a-8ff8-9e8ac6f06a71,MATCH
fabb6609-7de1-4a85-91c4-194a70c98336,DUPLICATE_PAYMENT
c4ca00d7-8a66-4e67-a4d4-d5a31bc2197e,MATCH
08eca4c8-1a71-464d-824d-9430b72479b7,MISSING_SETTLEMENT
261b5048-7f69-4b97-a581-d60104cdc4e8,MATCH
546fcba3-b336-4143-a6cf-bf5144352e6f,MATCH
d8139af7-6766-437b-afa1-79a57a675870,MATCH
f443864c-6269-4a44-80d8-c04639d11950,MATCH
5be2124f-fdd9-4681-af5e-eca58909b003,MATCH
f5ff3705-da74-4056-88dd-44cc5d87edd2,MATCH
f7aeede8-0a11-4bac-8df2-1ad52d36db7e,PARTIAL_PAYMENT
7c8b7f1e-5bf8-4967-b057-fcd4a1701e8e,MATCH
b840d136-067e-4b72-b16e-8645092385fe,MATCH
4ec77371-a4b6-4cfa-8a61-9e64caf0f442,MATCH
5674b9e2-0e59-45aa-96db-638a097ba119,MATCH
85eb2b3f-aad5-4fb8-a762-b59cce9e5929,MATCH
ecc0baa6-3ba4-42ba-9450-0024bdb58d06,MATCH
9e4da214-eb03-4c4e-a83c-dff978a1d988,MATCH
e797f3ae-0cca-4c05-a1f6-19ed2c1882c9,AMOUNT_MISMATCH
105f86aa-974e-4f83-95d9-a3852bb24cbc,MATCH
1027fbf7-3877-40f0-9d99-d4c5cc96bf43,MATCH
937292e6-af20-4a9d-b9d1-85071eece891,MATCH
102f4f5c-55e3-4295-ac67-10bd97d46f61,MATCH
2a3dd769-8dac-410d-9eb3-8ef5b24070ca,MISSING_SETTLEMENT
a1d78199-d8ed-4649-8a82-673019977e2e,MATCH
2dee003e-01d9-4e96-81a0-204714aa3ca3,AMOUNT_MISMATCH
cad04982-ceb2-4a32-b189-727f6a8d8a70,MISSING_SETTLEMENT
734eab10-85e9-454f-855c-f668a3cb9e18,MATCH
9caf4bfe-7ff8-42c6-b79a-566b2e1482be,MATCH
3c52d68a-8ec6-4be5-812b-809e6b358d15,MATCH
fc9dc0d0-c2d9-4cc9-9cdb-f14e5ca59057,MATCH
cbeed3e3-1cd8-49e2-b197-91670d95ee72,MATCH
